Variables ->,AT,BE,BG,CY,CZ,DE,DK,EE,ES,FI,FR,GR,HR,HU,IE,IT,LT,LU,LV,MT,NL,PL,PT,RO,SE,SI,SK,U2,U9,RA,RU
1999Y,203065.0,242308.0,12773.791807066662,9731.6,61477.634011020746,2077239.9999999998,166742.4861398426,5406.889999999999,595242.0,126888.0,1395148.0,128668.0,22115.106445873298,46080.42989783323,92791.0,1177550.0,12763.0,19767.38591409193,6098.122952692741,3554.274591927018,420143.0,158090.75924993912,119603.3,33700.2435292311,257132.09380703222,17149.4,28614.2,6703846.279904585,1038523.2799045853,217990.97990458529,735997.4384419657
2000Y,212406.80000000002,256375.99999999997,14334.706415409759,10595.1,67283.02410192201,2129660.0,177531.72747220073,6171.64,647569.0,136386.0,1473517.0,136161.2,23966.0,51163.31835158113,108496.0,1244744.0,13369.9,22986.100000000002,6697.9615179617795,4120.0,452191.0,186306.73119952274,128414.5,40526.2142490259,284519.948527398,18731.899999999998,31632.0,7064192.101517962,1116511.1015179623,246766.6015179623,821665.6703170603
2001Y,219373.3,264335.0,15836.128020394184,11416.9,76075.54631330869,2195530.0,184094.17536716524,6982.12,700958.0,144613.0,1530071.0,147438.7,25755.0,60069.14636155572,122089.0,1308623.0,14202.400000000001,23880.0,7317.73969251192,4267.5,482941.0,213706.71676347725,135775.1,45103.70000384205,270754.028373949,20937.6,34307.299999999996,7400813.659692512,1182690.659692512,271155.5596925119,865639.4412036921
2002Y,225087.9,273255.0,17359.49493352825,11877.1,87411.666657521,2223360.0,189212.53841729593,7824.860000000001,749744.0,148440.0,1578330.0,158902.3,28298.0,71580.12253820045,135998.0,1355523.0,15209.9,25011.1,8135.446526240189,4500.0,502901.0,211337.8909712498,142554.2,48718.82515424115,282960.83454001154,23272.600000000002,37272.2,7655496.60652624,1245638.6065262398,297399.20652623964,908581.3732120481
2003Y,230541.8,281201.0,18698.714051978277,12845.3,88843.32870856354,2240810.0,193143.907524964,8746.72,802683.0,151714.0,1622313.0,174096.0,31161.0,75331.33143362275,145577.0,1399386.0,16666.8,26227.2,9142.7710948354,4761.2,514900.99999999994,193267.0828716542,146067.80000000002,51101.9415536868,295409.86823593616,25376.3,41210.799999999996,7885428.691094834,1305335.6910948344,321715.0910948345,915796.1743804056
2004Y,240541.69999999998,296820.0,21038.289945698114,13856.400000000001,96633.54815316707,2293040.0,202670.54949061337,9779.619999999999,860059.0,158741.0,1696108.0,188905.2,33635.0,83658.1612359624,156259.0,1457357.0,18288.699999999997,28189.399999999998,10628.8690315982,4900.7,531573.0,206262.5305663787,152248.4,60369.16510411524,309285.3527426286,27420.899999999998,45996.899999999994,8224348.789031599,1386211.7890315987,348955.48903159844,979917.5972385635
2005Y,252355.0,310037.0,23994.948848371994,14822.300000000001,110271.95046976933,2325710.0,213009.65630020556,11345.449999999999,928122.0,164666.0,1762048.0,194773.40000000002,36179.0,90858.16430329075,170306.0,1499073.0,20982.3,30281.0,13102.622967876,5140.900000000001,553122.0,246757.37660679748,158552.69999999998,79168.35053229777,314665.8197989854,28905.7,50275.9,8529800.272967875,1461725.272967875,381341.17296787514,1078726.2668597181
2006Y,265933.60000000003,325151.0,27380.22262938968,16000.0,124425.03321049904,2426180.0,225687.0362627486,13571.160000000002,1004976.0,172861.0,1846021.0,214298.9,39495.0,92066.02009298069,184916.0,1559864.0,24001.8,34175.1,16294.807069040398,5380.6,587444.0,275469.51815137273,166260.4,97250.26185437807,336495.37163045467,31294.399999999998,56349.0,8990467.767069042,1565982.7670690417,421477.8670690423,1178773.4638318233
2007Y,282208.19999999995,343619.0,32416.70566158818,17511.5,138508.2176526763,2542220.0,233623.08062601835,16402.16,1077541.0,187059.0,1937876.0,229282.80000000002,43267.0,102232.05531330223,197070.0,1621714.0,29011.9,37642.0,21509.3267687973,5778.2,622775.0,313514.2115996824,175483.4,127554.58338639466,357533.7904316582,34936.9,63180.6,9486087.986768797,1683961.986768797,466309.58676879806,1305382.6446713204
2008Y,291846.2,351743.0,37043.67332415156,19009.6,161036.96683199028,2589280.0,241383.60009918292,16618.92,1112432.0,194253.0,1990000.0,238735.4,46559.0,107594.75358327419,187283.0,1643718.0,32642.800000000003,40009.6,23351.890726871,6236.4,651299.0,364214.8048269632,179102.8,146584.7707879356,349936.1809554648,37742.1,68556.6,9720419.31072687,1733690.3107268699,478009.91072687064,1407794.7504089626
2009Y,286274.1,347735.0,37339.30723019135,18675.4,148639.98298432093,2493970.0,231557.28652083542,14132.54,1072990.0,181735.0,1935840.0,234322.6,44683.0,93885.35718039026,169520.0,1584107.0,26980.5,39050.8,18482.486688956,6287.7,630173.0,316488.9731147825,175416.5,125296.92118589907,311720.82273016335,35830.3,64055.2,9380261.126688957,1663181.1266889572,437697.9266889575,1264928.650946583
2010Y,294050.6,363242.0,38204.4226000826,19461.1,159156.4352409837,2615260.0,242949.78072605547,14741.759999999998,1077145.0,188147.0,1996075.0,223590.5,44492.0,99411.20686362135,167255.0,1617944.0,27655.2,42402.700000000004,17719.6401264632,6861.900000000001,643022.0,360349.49053546786,179860.4,128375.63120191112,371383.10940851405,36050.8,68726.6,9643703.200126462,1694257.2001264617,445366.70012646215,1399830.0765766362
2011Y,308167.1,378747.0,41446.52264161666,19858.2,166291.34494094166,2746910.0,247404.76497301488,16741.86,1068690.0,197655.0,2062141.0,203475.0,45188.0,101826.37091642118,173121.0,1657362.0,31042.0,44323.4,19117.259714845102,7032.8,656013.0,379280.31363036664,176317.90000000002,138567.45086009594,409954.98724082287,36782.200000000004,71629.40000000001,9920314.119714845,1729198.119714845,464836.11971484544,1484771.7552032797
2012Y,316589.4,387936.0,42234.72040545455,19495.4,163630.09745602662,2799280.0,254194.15149053364,18086.559999999998,1035964.0,200378.0,2088286.9999999998,185899.2,44792.0,99930.02443157492,176622.0,1632899.0,33241.799999999996,46526.200000000004,21104.3255395759,7479.5,658232.0,387482.7512405239,168538.7,139411.62147453713,427612.5608788054,35933.6,73727.5,9951012.185539575,1736350.1855395753,477008.8855395748,1514495.927377456
2013Y,321191.7,394617.0,42028.594876097406,18040.3,160393.31574972885,2866480.0,259484.56786416183,19163.23,1025652.0,203497.0,2120352.0,178113.9,45066.0,102132.54614940306,182909.0,1621262.0,34876.3,49094.5,21956.1930696449,8129.400000000001,665567.0,390155.2165033583,170675.6,142936.49745982338,439807.9260150264,36041.3,74642.70000000001,10057327.123069644,1758014.123069644,489918.9230696447,1536938.664617599
2014Y,330113.4,404959.0,42955.12619660874,17482.8,158717.96625748114,2984470.0,265518.72330102074,20365.58,1038949.0000000001,205855.0,2153733.0,176071.8,44872.0,106204.1780594285,200595.0,1635870.0,36413.3,51791.200000000004,22790.504538754198,8948.5,678627.0,408073.7499007785,173186.6,150498.9219086903,434759.93351009476,37270.899999999994,76562.29999999999,10298926.884538755,1807277.8845387548,517092.0845387544,1566728.5991341025
2015Y,342083.5,415538.0,45750.29223537916,17944.0,170424.83716203523,3087030.0,271946.71473346895,21010.89,1087112.0,210192.0,2201402.0,175362.9,45972.0,112870.65866544408,272284.0,1663278.0,37443.2,54142.4,23744.2633392524,10221.4,699175.0,432333.88326158415,179392.59999999998,160304.5992095927,452046.63688844047,38493.899999999994,80376.2,10662198.253339252,1924201.2533392515,601632.253339251,1645677.6221559448
2016Y,355665.7,428467.0,48734.45347683888,19013.7,179072.00134829452,3195210.0,282109.7213038207,22188.960000000003,1122967.0,215717.0,2231819.0,174448.2,47569.0,116558.67752110562,275933.0,1704856.0,38814.6,56208.0,24498.1738347472,10864.3,720175.0,427330.4092371586,186380.8,167483.45122955967,463635.81566201476,40013.2,81621.6,10952430.233834747,1977403.2338347472,616724.5338347477,1684924.529778793
2017Y,367294.89999999997,443408.0,52500.96736423923,20312.4,196198.53306689428,3333110.0,293647.0910509337,24316.13,1170024.0,224706.0,2291681.0,177378.5,49736.0,126925.8060848274,308366.0,1744494.0,42278.799999999996,58168.799999999996,26017.128425442002,12535.7,750861.0,467993.17392753315,195509.09999999998,186427.74895470752,473904.75175887323,42625.5,84960.3,11367783.258425443,2077613.2584254425,669316.758425442,1797598.0722080085
2018Y,383234.2,459492.0,56130.46839449228,21807.8,213283.525087499,3434030.0,300716.3224376296,26438.48,1212276.0,231905.0,2355363.0,180615.7,52217.0,136424.92568259602,335136.0,1777744.0,45954.2,60193.399999999994,28153.4431892968,13678.599999999999,787273.0,503297.744713548,204997.6,206223.7065715886,465217.0776326561,45462.4,90275.9,11746247.723189296,2179561.723189296,719317.2231892967,1881293.7705200096
2019Y,395706.8,479446.0,61307.21432844364,23401.1,229362.85649402734,3537280.0,308504.92937486887,28472.059999999998,1253710.0,238518.0,2432207.0,185181.19999999998,54905.0,147308.89426981658,363752.0,1804068.0,49242.5,62415.0,29567.0007317613,14594.2,829767.0,538221.8721129941,214489.9,224770.13288750633,474182.78375698597,48156.5,94547.6,12139426.860731762,2282394.860731762,769052.9607317611,1983658.6832246429
2020Y,380317.9,463750.0,61911.52247383463,22374.0,220024.22849740158,3450720.0,311606.34984661336,27859.28,1129214.0,236387.0,2318276.0,167539.5,50749.0,138851.31569850448,381728.0,1670013.0,50252.5,64499.200000000004,29224.340383862,14362.5,816463.0,530920.2476282975,201032.80000000002,221129.924386643,476889.79193934635,46738.700000000004,94320.6,11615821.320383862,2231135.3203838617,782108.1203838612,1961333.3804706407
2021Y,406232.1,506047.0,71377.35181483066,25679.7,245852.28220210227,3682340.0,343135.57644748944,31453.309999999998,1235474.0,248764.0,2508102.0,184574.6,58347.0,154861.48446545325,448445.0,1842508.0,56668.100000000006,73039.5,32283.7795410439,16689.9,891550.0,582372.6055200036,216493.69999999998,242312.55663024832,533738.1803254433,52032.4,101933.5,12618657.589541044,2458683.589541044,896572.1895410446,2173650.037405571
2022Y,448007.4,563710.0,86081.11799082726,29377.300000000003,286400.7915751891,3989390.0,379659.6928418266,36300.93,1375863.0,266135.0,2653997.0,207854.19999999998,67617.0,169204.4199182391,520717.99999999994,1998073.0,67447.8,76731.2,36099.67433105,17974.8,993820.0,660165.8048895467,243957.1,281748.0702418455,545672.0253440345,56881.6,110046.5,13760001.504331049,2748858.5043310486,1019194.8043310479,2408931.9228015086
2023Y,473226.80000000005,596202.0,94707.87594013796,31340.0,319032.4692913422,4219310.0,374130.1431024393,38353.42,1497761.0,272874.0,2830204.0,225196.9,78061.0,197949.08556762995,524729.0,2131390.0,73803.5,82115.5,39372.4100764699,20911.2,1050133.0,751639.6667457187,267923.2,324383.8699677881,535319.3022519358,64050.0,123833.29999999999,14640790.23007647,2911992.2300764695,1076569.3300764682,2597162.412866992
2024Y,484222.89999999997,613985.0,103721.42824274105,33567.700000000004,320717.70702266233,4328970.0,392332.10496744444,39847.75,1594330.0,275963.0,2921204.0,237573.4,85617.6403059444,206145.1018991654,562794.0,2192181.0,78412.9,86180.3,40208.38807759249,23071.100000000002,1122459.0,845200.2879648124,285180.60000000003,353821.0911430065,557934.171612148,67418.09999999999,130985.2,15204171.978383534,3045027.9783835337,1148103.0783835328,2779871.8928519804
2025Y,501489.151312975,634749.344513281,113252.77306996153,35361.8625961812,339413.66533174034,4438568.03070161,406899.04272724286,41400.1565996132,1674449.9019572,278628.12197481503,2976021.1431495,249674.47925757998,91984.85394719511,219343.58693871164,627481.9200888181,2251943.51615701,84347.1039077555,89099.7754690228,42388.386306236505,24562.8353480651,1169171.59283527,920385.4532243208,299177.9771417361,374050.7479250923,586356.986037827,70134.9687162696,136857.454713173,15717492.576693308,3207338.391892718,1243619.317692333,2959702.255254897
2026Y,517685.336779017,652184.577176369,121841.23382972517,36978.5624661672,357406.41353448253,4565265.06020991,428451.3393594736,43727.9623015702,1749469.1048930301,287490.69841855404,3049027.39265277,261189.548182745,96933.4220852508,231267.71623802587,642707.188616615,2314721.65312495,89666.91684862539,92328.32746513671,44767.2283054801,26079.099229932097,1210743.8291531298,951031.2877030681,312331.65495152696,381117.43706712354,609626.2117555186,73461.4174284864,143713.21802973803,16210472.198319003,3321245.158285211,1290363.3427769993,3080741.6394874174
2027Y,537481.0376298331,670378.7753174311,129784.4755395517,38732.07483754271,372337.1122963992,4723517.11319376,448044.32899895945,46060.6165544483,1829417.96155808,297492.070742591,3145006.74006138,272066.882605738,101710.23073949401,244071.26988421538,669244.3655471441,2374423.8552105,93800.35744781911,96357.3525577437,47344.7353551002,27670.837086500702,1255325.08192454,1008738.1078260669,324057.581835052,389683.13066035183,636127.782105483,76948.6928824318,150850.995655436,16777887.358742565,3450196.606794306,1348720.258663661,3228786.2073110277
2028Y,555979.895510899,690180.199324756,137492.54197125084,40757.4449900026,387636.5128543373,4883084.39800395,466811.3252042291,48282.376712647696,1900707.698068,307071.12331726396,3246726.3899777406,282193.829734591,106604.759963977,256946.5714947088,697809.565208832,2438469.54971084,98388.79284784499,100570.599117018,49791.6841546485,29357.245544100897,1298163.5926293703,1070122.4857447352,336254.29405173904,401210.330153873,662679.6068653077,80558.093637594,158115.387387868,17349066.919893686,3581915.2915037842,1410235.9495645342,3382899.374288442
2029Y,573985.313084577,710103.691979998,144963.18908241225,42842.0507472593,402834.7097712164,5037798.09694679,485550.9771858546,50502.968108184,1974953.0470233,317574.86549973197,3350897.71408158,292431.176811185,111696.26989154899,270751.9738034361,727826.30732672,2505121.8282492,103299.559813246,104847.96801884599,52306.7198361596,31146.7027702305,1341993.80519461,1131421.9779304187,348922.956385814,421558.14719955216,689563.2944008382,84176.3057037809,164883.30114847797,17927310.64862124,3716546.157125759,1473528.153364454,3546644.2693737284
2030Y,590792.2306065711,732235.598393171,152825.99266158658,45009.3052178546,418728.62862985337,5184801.152468099,505081.8899450951,52753.4795201808,2051950.22999309,328954.04660151806,3456538.1194407595,302878.832792416,117016.564844869,285482.826173869,759416.1197878509,2573584.1014952096,108524.06597782,109346.53762524,54888.0638641835,33054.2276541879,1385977.41123619,1195229.6660150513,362177.428704759,443443.6307742952,717401.7534574235,87966.6878987275,171667.33719145498,18509531.54131415,3856680.526680802,1539642.3895823648,3718194.387657174
