Fabios original matrix (worked),,,,,,,,,,,,,,,,Fabio's corrected matrix (does not work),,,,,,,,,,,,,,,,Fabios original calculations with new total values and sizes (worked) ,,,,,,,,,,,,,,,,Fabio's corrected calculations with new total values and new sizes (failed) ,,,,,,,,,,,,,,
imcy,,,,,,,,,,,,,,,,imcy,,,,,,,,,,,,,,,,imcy,,,,,,,,,,,,,,,,imcy,,,,,,,,,,,,,,
,EAA,EAB,EAC,EAD,EAE,EAF,EAG,EAH,EAI,EAJ,EAK,EAL,RW,US,,,EAA,EAB,EAC,EAD,EAE,EAF,EAG,EAH,EAI,EAJ,EAK,EAL,RW,US,,,EAA,EAB,EAC,EAD,EAE,EAF,EAG,EAH,EAI,EAJ,EAK,EAL,RW,US,,,EAA,EAB,EAC,EAD,EAE,EAF,EAG,EAH,EAI,EAJ,EAK,EAL,RW,US
EAA,,0.000857,,0.000867,0.000855,0.000882,0.000855,0.000856,0.000875,0.000861,0.000855,0.000975,0.001001,0.000442,,EAA,,0.002304,,0.002299,0.002392,0.002316,0.00236,0.002307,0.002298,0.002382,0.002306,0.002214,0.001849,0.001199,,EAA,,0.000798,,0.000807,0.000796,0.000821,0.000796,0.000797,0.000814,0.000802,0.000796,0.000924,0.000626,0.00052,,EAA,,0.000887,,0.000898,0.000885,0.000913,0.000885,0.000886,0.000905,0.000892,0.000885,0.00083,0.000626,0.00052
EAB,0.000841,,0.000842,,0.00084,0.000866,0.000839,0.00084,0.000859,0.000846,0.000839,0.000957,0.000983,0.000434,,EAB,0.00101,,0.001004,,0.001041,0.001008,0.001027,0.001004,0.001,0.001037,0.001004,0.000964,0.000805,0.000522,,EAB,0.000783,,0.000784,,0.000782,0.000806,0.000781,0.000782,0.0008,0.000787,0.000782,0.000907,0.000615,0.000511,,EAB,0.000871,,0.000872,,0.000869,0.000897,0.000869,0.00087,0.000889,0.000876,0.000869,0.000815,0.000615,0.000511
EAC,0.001048,0.001048,,0.00106,,0.001079,0.001045,0.001047,0.00107,0.001053,0.001046,0.001192,0.001225,0.000541,,EAC,0.001305,0.001296,,0.001293,,0.001303,0.001328,0.001298,0.001293,0.00134,0.001298,0.001246,0.00104,0.000675,,EAC,0.000976,0.000976,,0.000987,,0.001004,0.000973,0.000974,0.000996,0.000981,0.000973,0.00113,0.000766,0.000636,,EAC,0.001085,0.001085,,0.001098,,0.001117,0.001082,0.001084,0.001107,0.001091,0.001083,0.001016,0.000766,0.000636
EAD,0.002786,0.002785,0.002789,,0.00278,,0.002779,0.002782,0.002843,0.0028,0.002779,0.00317,0.003256,0.001437,,EAD,0.000641,0.000636,0.000637,,0.00066,,0.000652,0.000637,0.000634,0.000658,0.000637,0.000611,0.000511,0.000331,,EAD,0.002593,0.002593,0.002596,,0.002588,,0.002587,0.00259,0.002647,0.002606,0.002587,0.003002,0.002037,0.001691,,EAD,0.002884,0.002884,0.002887,,0.002878,,0.002877,0.002881,0.002944,0.002899,0.002877,0.0027,0.002037,0.001691
EAE,0.000516,0.000516,0.000517,0.000522,,0.000531,,0.000516,0.000527,0.000519,0.000515,0.000587,0.000603,0.000266,,EAE,0.007752,0.007696,0.007709,0.007681,,0.007738,,0.007708,0.007676,0.007959,0.007706,0.007398,0.006179,0.004006,,EAE,0.000481,0.000481,0.000481,0.000486,,0.000495,,0.00048,0.000491,0.000483,0.000479,0.000556,0.000377,0.000313,,EAE,0.000535,0.000534,0.000535,0.000541,,0.00055,,0.000534,0.000546,0.000537,0.000533,0.0005,0.000377,0.000313
EAF,0.005588,0.005587,0.005594,0.005654,0.005576,,0.005574,,0.005703,0.005616,0.005575,0.006358,0.00653,0.002883,,EAF,0.001994,0.00198,0.001983,0.001976,0.002056,,0.002028,,0.001975,0.002047,0.001982,0.001903,0.001589,0.001031,,EAF,0.005202,0.005201,0.005208,0.005263,0.005191,,0.005189,,0.005309,0.005228,0.00519,0.006023,0.004085,0.003391,,EAF,0.005785,0.005785,0.005792,0.005853,0.005773,,0.005771,,0.005905,0.005814,0.005772,0.005415,0.004085,0.003391
EAG,0.00046,0.00046,0.00046,0.000465,0.000459,0.000473,,0.000459,,0.000462,0.000458,0.000523,0.000537,0.000237,,EAG,0.005387,0.005348,0.005357,0.005337,0.005553,0.005377,,0.005356,,0.005531,0.005355,0.005141,0.004294,0.002784,,EAG,0.000428,0.000428,0.000428,0.000433,0.000427,0.00044,,0.000427,,0.00043,0.000427,0.000495,0.000336,0.000279,,EAG,0.000476,0.000476,0.000476,0.000481,0.000475,0.00049,,0.000475,,0.000478,0.000475,0.000445,0.000336,0.000279
EAH,0.000657,0.000657,0.000658,0.000665,0.000656,0.000677,0.000656,,0.000671,,0.000656,0.000748,0.000768,0.000339,,EAH,0.001295,0.001286,0.001288,0.001283,0.001335,0.001293,0.001318,,0.001283,,0.001288,0.001236,0.001032,0.000669,,EAH,0.000612,0.000612,0.000613,0.000619,0.000611,0.00063,0.000611,,0.000625,,0.000611,0.000709,0.000481,0.000399,,EAH,0.000681,0.000681,0.000682,0.000689,0.000679,0.000701,0.000679,,0.000695,,0.000679,0.000637,0.000481,0.000399
EAI,0.004205,0.004205,0.00421,0.004255,0.004197,0.004329,0.004195,0.0042,,0.004227,,0.004785,0.004915,0.00217,,EAI,0.000537,0.000533,0.000534,0.000532,0.000553,0.000536,0.000546,0.000534,,0.000551,,0.000512,0.000428,0.000277,,EAI,0.003915,0.003915,0.00392,0.003961,0.003907,0.00403,0.003906,0.00391,,0.003935,,0.004533,0.003075,0.002552,,EAI,0.004354,0.004354,0.004359,0.004405,0.004345,0.004482,0.004344,0.004349,,0.004376,,0.004076,0.003075,0.002552
EAJ,0.001686,0.001686,0.001688,0.001706,0.001683,0.001736,0.001682,0.001684,0.001721,,0.001682,,0.001971,0.00087,,EAJ,0.007026,0.006975,0.006987,0.006961,0.007243,0.007013,0.007147,0.006986,0.006957,,0.006984,,0.0056,0.003631,,EAJ,0.00157,0.00157,0.001572,0.001588,0.001567,0.001616,0.001566,0.001568,0.001602,,0.001566,,0.001233,0.001023,,EAJ,0.001746,0.001746,0.001748,0.001767,0.001742,0.001797,0.001742,0.001744,0.001782,,0.001742,,0.001233,0.001023
EAK,0.000472,0.000472,0.000472,0.000477,0.000471,0.000485,0.00047,0.000471,0.000481,0.000474,,0.000537,,0.000243,,EAK,0.00124,0.001231,0.001233,0.001228,0.001278,0.001238,0.001261,0.001233,0.001228,0.001273,,0.001183,,0.000641,,EAK,0.000439,0.000439,0.00044,0.000444,0.000438,0.000452,0.000438,0.000438,0.000448,0.000441,,0.000508,,0.000286,,EAK,0.000488,0.000488,0.000489,0.000494,0.000487,0.000503,0.000487,0.000488,0.000498,0.000491,,0.000457,,0.000286
EAL,0.007381,0.007381,0.00739,0.007468,0.007366,0.007598,0.007364,0.007372,0.007534,0.007418,0.007364,,0.008627,,,EAL,0.009802,0.009732,0.009747,0.009712,0.010106,0.009784,0.009971,0.009747,0.009706,0.010064,0.009744,,0.007813,,,EAL,0.006872,0.006871,0.006879,0.006953,0.006857,0.007074,0.006855,0.006863,0.007013,0.006906,0.006856,,0.005397,,,EAL,0.007642,0.007641,0.007651,0.007732,0.007626,0.007867,0.007624,0.007633,0.0078,0.007681,0.007624,,0.005397,
RW,,0.100131,0.100256,0.101321,0.099934,0.103087,0.0999,0.10002,0.102208,0.100645,0.099908,0.113943,,0.051668,,RW,,0.085494,0.085633,0.085321,0.088779,0.085958,0.087598,0.085628,0.085273,0.088413,0.085602,0.082187,,0.044507,,RW,,0.093216,0.093332,0.094324,0.093033,0.095968,0.093001,0.093112,0.09515,0.093694,0.093008,0.107934,,0.060778,,RW,,0.10367,0.103799,0.104902,0.103467,0.10673,0.103431,0.103555,0.105821,0.104202,0.103439,0.09705,,0.060778
US,0.039729,,0.039775,0.040198,0.039648,0.040898,0.039634,0.039681,0.04055,0.039929,0.039637,0.045206,0.046432,,,US,0.056798,,0.056481,0.056276,0.058556,0.056696,0.057778,0.056478,0.056244,0.058315,0.056461,0.054208,0.045272,,,US,0.036986,,0.037028,0.037422,0.03691,0.038074,0.036897,0.036941,0.037749,0.037172,0.0369,0.042822,0.029047,,,US,0.041134,,0.041181,0.041619,0.041049,0.042344,0.041035,0.041084,0.041983,0.041341,0.041038,0.038503,0.029047,
,,,,,,,,,,,,,,,,,,,,,,,,,,,,,,,,,,,,,,,,,,,,,,,,,,,,,,,,,,,,,,
imcgy,,,,,,,,,,,,,,,,imcgy,,,,,,,,,,,,,,,,imcgy,,,,,,,,,,,,,,,,imcgy,,,,,,,,,,,,,,
,EAA,EAB,EAC,EAD,EAE,EAF,EAG,EAH,EAI,EAJ,EAK,EAL,RW,US,,,EAA,EAB,EAC,EAD,EAE,EAF,EAG,EAH,EAI,EAJ,EAK,EAL,RW,US,,,EAA,EAB,EAC,EAD,EAE,EAF,EAG,EAH,EAI,EAJ,EAK,EAL,RW,US,,,EAA,EAB,EAC,EAD,EAE,EAF,EAG,EAH,EAI,EAJ,EAK,EAL,RW,US
EAA,,9.50E-05,,9.60E-05,9.50E-05,9.80E-05,9.50E-05,9.50E-05,9.70E-05,9.60E-05,9.50E-05,0.000108,0.000111,4.90E-05,,EAA,,0.000256,,0.000255,0.000266,0.000257,0.000262,0.000256,0.000255,0.000265,0.000256,0.000246,0.000205,0.000133,,EAA,,8.90E-05,,9.00E-05,8.80E-05,9.10E-05,8.80E-05,8.90E-05,9.00E-05,8.90E-05,8.80E-05,0.000103,7.00E-05,5.80E-05,,EAA,,9.90E-05,,0.0001,9.80E-05,0.000101,9.80E-05,9.80E-05,0.000101,9.90E-05,9.80E-05,9.20E-05,7.00E-05,5.80E-05
EAB,9.30E-05,,9.40E-05,,9.30E-05,9.60E-05,9.30E-05,9.30E-05,9.50E-05,9.40E-05,9.30E-05,0.000106,0.000109,4.80E-05,,EAB,0.000112,,0.000112,,0.000116,0.000112,0.000114,0.000112,0.000111,0.000115,0.000112,0.000107,8.90E-05,5.80E-05,,EAB,8.70E-05,,8.70E-05,,8.70E-05,9.00E-05,8.70E-05,8.70E-05,8.90E-05,8.70E-05,8.70E-05,0.000101,6.80E-05,5.70E-05,,EAB,9.70E-05,,9.70E-05,,9.70E-05,0.0001,9.70E-05,9.70E-05,9.90E-05,9.70E-05,9.70E-05,9.10E-05,6.80E-05,5.70E-05
EAC,0.000116,0.000116,,0.000118,,0.00012,0.000116,0.000116,0.000119,0.000117,0.000116,0.000132,0.000136,6.00E-05,,EAC,0.000145,0.000144,,0.000144,,0.000145,0.000148,0.000144,0.000144,0.000149,0.000144,0.000138,0.000116,7.50E-05,,EAC,0.000108,0.000108,,0.00011,,0.000112,0.000108,0.000108,0.000111,0.000109,0.000108,0.000126,8.50E-05,7.10E-05,,EAC,0.000121,0.000121,,0.000122,,0.000124,0.00012,0.00012,0.000123,0.000121,0.00012,0.000113,8.50E-05,7.10E-05
EAD,0.00031,0.000309,0.00031,,0.000309,,0.000309,0.000309,0.000316,0.000311,0.000309,0.000352,0.000362,0.00016,,EAD,7.10E-05,7.10E-05,7.10E-05,,7.30E-05,,7.20E-05,7.10E-05,7.00E-05,7.30E-05,7.10E-05,6.80E-05,5.70E-05,3.70E-05,,EAD,0.000288,0.000288,0.000288,,0.000288,,0.000287,0.000288,0.000294,0.00029,0.000287,0.000334,0.000226,0.000188,,EAD,0.00032,0.00032,0.000321,,0.00032,,0.00032,0.00032,0.000327,0.000322,0.00032,0.0003,0.000226,0.000188
EAE,5.70E-05,5.70E-05,5.70E-05,5.80E-05,,5.90E-05,,5.70E-05,5.90E-05,5.80E-05,5.70E-05,6.50E-05,6.70E-05,3.00E-05,,EAE,0.000861,0.000855,0.000857,0.000853,,0.00086,,0.000856,0.000853,0.000884,0.000856,0.000822,0.000687,0.000445,,EAE,5.30E-05,5.30E-05,5.30E-05,5.40E-05,,5.50E-05,,5.30E-05,5.50E-05,5.40E-05,5.30E-05,6.20E-05,4.20E-05,3.50E-05,,EAE,5.90E-05,5.90E-05,5.90E-05,6.00E-05,,6.10E-05,,5.90E-05,6.10E-05,6.00E-05,5.90E-05,5.60E-05,4.20E-05,3.50E-05
EAF,0.000621,0.000621,0.000622,0.000628,0.00062,,0.000619,,0.000634,0.000624,0.000619,0.000706,0.000726,0.00032,,EAF,0.000222,0.00022,0.00022,0.00022,0.000228,,0.000225,,0.000219,0.000227,0.00022,0.000211,0.000177,0.000115,,EAF,0.000578,0.000578,0.000579,0.000585,0.000577,,0.000577,,0.00059,0.000581,0.000577,0.000669,0.000454,0.000377,,EAF,0.000643,0.000643,0.000644,0.00065,0.000641,,0.000641,,0.000656,0.000646,0.000641,0.000602,0.000454,0.000377
EAG,5.10E-05,5.10E-05,5.10E-05,5.20E-05,5.10E-05,5.30E-05,,5.10E-05,,5.10E-05,5.10E-05,5.80E-05,6.00E-05,2.60E-05,,EAG,0.000599,0.000594,0.000595,0.000593,0.000617,0.000597,,0.000595,,0.000615,0.000595,0.000571,0.000477,0.000309,,EAG,4.80E-05,4.80E-05,4.80E-05,4.80E-05,4.70E-05,4.90E-05,,4.70E-05,,4.80E-05,4.70E-05,5.50E-05,3.70E-05,3.10E-05,,EAG,5.30E-05,5.30E-05,5.30E-05,5.30E-05,5.30E-05,5.40E-05,,5.30E-05,,5.30E-05,5.30E-05,4.90E-05,3.70E-05,3.10E-05
EAH,7.30E-05,7.30E-05,7.30E-05,7.40E-05,7.30E-05,7.50E-05,7.30E-05,,7.50E-05,,7.30E-05,8.30E-05,8.50E-05,3.80E-05,,EAH,0.000144,0.000143,0.000143,0.000143,0.000148,0.000144,0.000146,,0.000143,,0.000143,0.000137,0.000115,7.40E-05,,EAH,6.80E-05,6.80E-05,6.80E-05,6.90E-05,6.80E-05,7.00E-05,6.80E-05,,6.90E-05,,6.80E-05,7.90E-05,5.30E-05,4.40E-05,,EAH,7.60E-05,7.60E-05,7.60E-05,7.70E-05,7.50E-05,7.80E-05,7.50E-05,,7.70E-05,,7.50E-05,7.10E-05,5.30E-05,4.40E-05
EAI,0.000467,0.000467,0.000468,0.000473,0.000466,0.000481,0.000466,0.000467,,0.00047,,0.000532,0.000546,0.000241,,EAI,6.00E-05,5.90E-05,5.90E-05,5.90E-05,6.10E-05,6.00E-05,6.10E-05,5.90E-05,,6.10E-05,,5.70E-05,4.80E-05,3.10E-05,,EAI,0.000435,0.000435,0.000436,0.00044,0.000434,0.000448,0.000434,0.000434,,0.000437,,0.000504,0.000342,0.000284,,EAI,0.000484,0.000484,0.000484,0.000489,0.000483,0.000498,0.000483,0.000483,,0.000486,,0.000453,0.000342,0.000284
EAJ,0.000187,0.000187,0.000188,0.00019,0.000187,0.000193,0.000187,0.000187,0.000191,,0.000187,,0.000219,9.70E-05,,EAJ,0.000781,0.000775,0.000776,0.000773,0.000805,0.000779,0.000794,0.000776,0.000773,,0.000776,,0.000622,0.000403,,EAJ,0.000174,0.000174,0.000175,0.000176,0.000174,0.00018,0.000174,0.000174,0.000178,,0.000174,,0.000137,0.000114,,EAJ,0.000194,0.000194,0.000194,0.000196,0.000194,0.0002,0.000194,0.000194,0.000198,,0.000194,,0.000137,0.000114
EAK,5.20E-05,5.20E-05,5.20E-05,5.30E-05,5.20E-05,5.40E-05,5.20E-05,5.20E-05,5.30E-05,5.30E-05,,6.00E-05,,2.70E-05,,EAK,0.000138,0.000137,0.000137,0.000136,0.000142,0.000138,0.00014,0.000137,0.000136,0.000141,,0.000131,,7.10E-05,,EAK,4.90E-05,4.90E-05,4.90E-05,4.90E-05,4.90E-05,5.00E-05,4.90E-05,4.90E-05,5.00E-05,4.90E-05,,5.60E-05,,3.20E-05,,EAK,5.40E-05,5.40E-05,5.40E-05,5.50E-05,5.40E-05,5.60E-05,5.40E-05,5.40E-05,5.50E-05,5.50E-05,,5.10E-05,,3.20E-05
EAL,0.00082,0.00082,0.000821,0.00083,0.000818,0.000844,0.000818,0.000819,0.000837,0.000824,0.000818,,0.000959,,,EAL,0.001089,0.001081,0.001083,0.001079,0.001123,0.001087,0.001108,0.001083,0.001078,0.001118,0.001083,,0.000868,,,EAL,0.000764,0.000763,0.000764,0.000773,0.000762,0.000786,0.000762,0.000763,0.000779,0.000767,0.000762,,0.0006,,,EAL,0.000849,0.000849,0.00085,0.000859,0.000847,0.000874,0.000847,0.000848,0.000867,0.000853,0.000847,,0.0006,
RW,,0.011126,0.01114,0.011258,0.011104,0.011454,0.0111,0.011113,0.011356,0.011183,0.011101,0.01266,,0.005741,,RW,,0.009499,0.009515,0.00948,0.009864,0.009551,0.009733,0.009514,0.009475,0.009824,0.009511,0.009132,,0.004945,,RW,,0.010357,0.01037,0.01048,0.010337,0.010663,0.010333,0.010346,0.010572,0.01041,0.010334,0.011993,,0.006753,,RW,,0.011519,0.011533,0.011656,0.011496,0.011859,0.011492,0.011506,0.011758,0.011578,0.011493,0.010783,,0.006753
US,0.004414,,0.004419,0.004466,0.004405,0.004544,0.004404,0.004409,0.004506,0.004437,0.004404,0.005023,0.005159,,,US,0.006311,,0.006276,0.006253,0.006506,0.0063,0.00642,0.006275,0.006249,0.006479,0.006273,0.006023,0.00503,,,US,0.00411,,0.004114,0.004158,0.004101,0.00423,0.0041,0.004105,0.004194,0.00413,0.0041,0.004758,0.003227,,,US,0.00457,,0.004576,0.004624,0.004561,0.004705,0.004559,0.004565,0.004665,0.004593,0.00456,0.004278,0.003227,
,,,,,,,,,,,,,,,,,,,,,,,,,,,,,,,,,,,,,,,,,,,,,,,,,,,,,,,,,,,,,,
imiy,,,,,,,,,,,,,,,,imiy,,,,,,,,,,,,,,,,imiy,,,,,,,,,,,,,,,,imiy,,,,,,,,,,,,,,
,EAA,EAB,EAC,EAD,EAE,EAF,EAG,EAH,EAI,EAJ,EAK,EAL,RW,US,,,EAA,EAB,EAC,EAD,EAE,EAF,EAG,EAH,EAI,EAJ,EAK,EAL,RW,US,,,EAA,EAB,EAC,EAD,EAE,EAF,EAG,EAH,EAI,EAJ,EAK,EAL,RW,US,,,EAA,EAB,EAC,EAD,EAE,EAF,EAG,EAH,EAI,EAJ,EAK,EAL,RW,US
EAA,,0.000429,,0.000434,0.000428,0.000441,0.000428,0.000428,0.000437,0.000431,0.000428,0.000178,0.000734,0.000256,,EAA,,0.000419,,0.000419,0.000436,0.000422,0.00043,0.00042,0.000418,0.000434,0.00042,0.001108,0.001355,0.000694,,EAA,,0.000307,,0.00031,0.000306,0.000316,0.000306,0.000306,0.000313,0.000308,0.000306,0.000388,0.000582,0.000208,,EAA,,0.000372,,0.000377,0.000372,0.000383,0.000371,0.000372,0.00038,0.000374,0.000371,0.000319,0.000582,0.000208
EAB,0.000421,,0.000421,,0.00042,0.000433,0.00042,0.00042,0.00043,0.000423,0.00042,0.000174,0.00072,0.000251,,EAB,0.000184,,0.000183,,0.00019,0.000184,0.000187,0.000183,0.000182,0.000189,0.000183,0.000482,0.00059,0.000302,,EAB,0.000301,,0.000301,,0.0003,0.00031,0.0003,0.000301,0.000307,0.000303,0.0003,0.000381,0.000572,0.000205,,EAB,0.000366,,0.000366,,0.000365,0.000376,0.000365,0.000365,0.000373,0.000367,0.000365,0.000313,0.000572,0.000205
EAC,0.000524,0.000524,,0.00053,,0.00054,0.000523,0.000524,0.000535,0.000527,0.000523,0.000217,0.000897,0.000313,,EAC,0.000238,0.000236,,0.000236,,0.000237,0.000242,0.000236,0.000235,0.000244,0.000236,0.000623,0.000762,0.00039,,EAC,0.000375,0.000375,,0.000379,,0.000386,0.000374,0.000375,0.000383,0.000377,0.000374,0.000474,0.000712,0.000255,,EAC,0.000455,0.000455,,0.000461,,0.000469,0.000454,0.000455,0.000465,0.000458,0.000454,0.00039,0.000712,0.000255
EAD,0.001394,0.001393,0.001395,,0.001391,,0.00139,0.001392,0.001422,0.001401,0.00139,0.000577,0.002385,0.000831,,EAD,0.000117,0.000116,0.000116,,0.00012,,0.000119,0.000116,0.000116,0.00012,0.000116,0.000306,0.000374,0.000192,,EAD,0.000997,0.000997,0.000998,,0.000995,,0.000994,0.000996,0.001017,0.001002,0.000994,0.00126,0.001893,0.000677,,EAD,0.00121,0.00121,0.001212,,0.001208,,0.001207,0.001209,0.001235,0.001216,0.001207,0.001038,0.001893,0.000677
EAE,0.000258,0.000258,0.000259,0.000261,,0.000266,,0.000258,0.000264,0.00026,0.000258,0.000107,0.000442,0.000154,,EAE,0.001412,0.001401,0.001404,0.001399,,0.001409,,0.001404,0.001398,0.001449,0.001403,0.003701,0.004526,0.002318,,EAE,0.000185,0.000185,0.000185,0.000187,,0.00019,,0.000184,0.000189,0.000186,0.000184,0.000234,0.000351,0.000125,,EAE,0.000224,0.000224,0.000225,0.000227,,0.000231,,0.000224,0.000229,0.000225,0.000224,0.000192,0.000351,0.000125
EAF,0.002795,0.002795,0.002799,0.002828,0.00279,,0.002789,,0.002853,0.002809,0.002789,0.001158,0.004784,0.001668,,EAF,0.000363,0.00036,0.000361,0.00036,0.000374,,0.000369,,0.00036,0.000373,0.000361,0.000952,0.001164,0.000596,,EAF,0.001999,0.001999,0.002002,0.002023,0.001995,,0.001995,,0.002041,0.002009,0.001995,0.002527,0.003797,0.001358,,EAF,0.002428,0.002427,0.002431,0.002456,0.002423,,0.002422,,0.002478,0.00244,0.002422,0.002081,0.003797,0.001358
EAG,0.00023,0.00023,0.00023,0.000233,0.000229,0.000237,,0.00023,,0.000231,0.000229,9.50E-05,0.000393,0.000137,,EAG,0.000981,0.000974,0.000975,0.000972,0.001011,0.000979,,0.000975,,0.001007,0.000975,0.002572,0.003145,0.001611,,EAG,0.000164,0.000164,0.000165,0.000166,0.000164,0.000169,,0.000164,,0.000165,0.000164,0.000208,0.000312,0.000112,,EAG,0.0002,0.0002,0.0002,0.000202,0.000199,0.000206,,0.000199,,0.000201,0.000199,0.000171,0.000312,0.000112
EAH,0.000329,0.000329,0.000329,0.000333,0.000328,0.000339,0.000328,,0.000336,,0.000328,0.000136,0.000563,0.000196,,EAH,0.000236,0.000234,0.000235,0.000234,0.000243,0.000235,0.00024,,0.000234,,0.000234,0.000618,0.000756,0.000387,,EAH,0.000235,0.000235,0.000236,0.000238,0.000235,0.000242,0.000235,,0.00024,,0.000235,0.000297,0.000447,0.00016,,EAH,0.000286,0.000286,0.000286,0.000289,0.000285,0.000294,0.000285,,0.000292,,0.000285,0.000245,0.000447,0.00016
EAI,0.002104,0.002104,0.002106,0.002129,0.0021,0.002166,0.002099,0.002101,,0.002114,,0.000871,0.0036,0.001255,,EAI,9.80E-05,9.70E-05,9.70E-05,9.70E-05,0.000101,9.80E-05,9.90E-05,9.70E-05,,0.0001,,0.000256,0.000313,0.000161,,EAI,0.001505,0.001505,0.001506,0.001522,0.001502,0.001549,0.001501,0.001503,,0.001512,,0.001902,0.002858,0.001022,,EAI,0.001827,0.001827,0.001829,0.001849,0.001823,0.001881,0.001823,0.001825,,0.001836,,0.001566,0.002858,0.001022
EAJ,0.000844,0.000844,0.000845,0.000854,0.000842,0.000868,0.000842,0.000843,0.000861,,0.000842,,0.001444,0.000503,,EAJ,0.001279,0.00127,0.001272,0.001268,0.001319,0.001277,0.001301,0.001272,0.001267,,0.001272,,0.004102,0.002101,,EAJ,0.000603,0.000603,0.000604,0.00061,0.000602,0.000621,0.000602,0.000603,0.000616,,0.000602,,0.001146,0.00041,,EAJ,0.000733,0.000733,0.000734,0.000741,0.000731,0.000754,0.000731,0.000732,0.000748,,0.000731,,0.001146,0.00041
EAK,0.000236,0.000236,0.000236,0.000239,0.000235,0.000243,0.000235,0.000236,0.000241,0.000237,,9.80E-05,,0.000141,,EAK,0.000226,0.000224,0.000225,0.000224,0.000233,0.000225,0.00023,0.000224,0.000224,0.000232,,0.000592,,0.000371,,EAK,0.000169,0.000169,0.000169,0.000171,0.000168,0.000174,0.000168,0.000169,0.000172,0.00017,,0.000213,,0.000115,,EAK,0.000205,0.000205,0.000205,0.000207,0.000204,0.000211,0.000204,0.000205,0.000209,0.000206,,0.000176,,0.000115
EAL,0.003693,0.003692,0.003697,0.003736,0.003685,0.003801,0.003684,0.003688,0.003769,0.003711,0.003684,,0.006319,,,EAL,0.001785,0.001772,0.001775,0.001768,0.00184,0.001782,0.001816,0.001775,0.001767,0.001833,0.001774,,0.005723,,,EAL,0.002641,0.002641,0.002644,0.002672,0.002636,0.002719,0.002635,0.002638,0.002696,0.002654,0.002635,,0.005015,,,EAL,0.003207,0.003207,0.003211,0.003245,0.0032,0.003301,0.003199,0.003203,0.003273,0.003223,0.0032,,0.005015,
RW,,0.050093,0.050155,0.050688,0.049994,0.051571,0.049977,0.050037,0.051132,0.05035,0.049981,0.020748,,0.029891,,RW,,0.015568,0.015593,0.015536,0.016166,0.015652,0.015951,0.015592,0.015527,0.016099,0.015587,0.041116,,0.025748,,RW,,0.035827,0.035872,0.036253,0.035757,0.036885,0.035745,0.035787,0.03657,0.036011,0.035747,0.045294,,0.02434,,RW,,0.043504,0.043559,0.044021,0.043419,0.044789,0.043404,0.043456,0.044407,0.043728,0.043407,0.037301,,0.02434
US,0.019875,,0.019898,0.02011,0.019835,0.02046,0.019828,0.019852,0.020286,0.019976,0.019829,0.008231,0.034014,,,US,0.010342,,0.010285,0.010247,0.010663,0.010324,0.010521,0.010284,0.010241,0.010619,0.010281,0.027119,0.033164,,,US,0.014215,,0.014232,0.014383,0.014186,0.014634,0.014181,0.014198,0.014509,0.014287,0.014182,0.01797,0.026995,,,US,0.017261,,0.017281,0.017465,0.017226,0.017769,0.01722,0.017241,0.017618,0.017348,0.017221,0.014799,0.026995,
,,,,,,,,,,,,,,,,,,,,,,,,,,,,,,,,,,,,,,,,,,,,,,,,,,,,,,,,,,,,,,
imigy,,,,,,,,,,,,,,,,imigy,,,,,,,,,,,,,,,,imigy,,,,,,,,,,,,,,,,imigy,,,,,,,,,,,,,,
,EAA,EAB,EAC,EAD,EAE,EAF,EAG,EAH,EAI,EAJ,EAK,EAL,RW,US,,,EAA,EAB,EAC,EAD,EAE,EAF,EAG,EAH,EAI,EAJ,EAK,EAL,RW,US,,,EAA,EAB,EAC,EAD,EAE,EAF,EAG,EAH,EAI,EAJ,EAK,EAL,RW,US,,,EAA,EAB,EAC,EAD,EAE,EAF,EAG,EAH,EAI,EAJ,EAK,EAL,RW,US
EAA,,4.80E-05,,4.80E-05,4.80E-05,4.90E-05,4.80E-05,4.80E-05,4.90E-05,4.80E-05,4.80E-05,2.00E-05,8.20E-05,2.80E-05,,EAA,,4.70E-05,,4.70E-05,4.80E-05,4.70E-05,4.80E-05,4.70E-05,4.60E-05,4.80E-05,4.70E-05,0.000123,0.000151,7.70E-05,,EAA,,3.40E-05,,3.40E-05,3.40E-05,3.50E-05,3.40E-05,3.40E-05,3.50E-05,3.40E-05,3.40E-05,4.30E-05,6.50E-05,2.30E-05,,EAA,,4.10E-05,,4.20E-05,4.10E-05,4.30E-05,4.10E-05,4.10E-05,4.20E-05,4.20E-05,4.10E-05,3.50E-05,6.50E-05,2.30E-05
EAB,4.70E-05,,4.70E-05,,4.70E-05,4.80E-05,4.70E-05,4.70E-05,4.80E-05,4.70E-05,4.70E-05,1.90E-05,8.00E-05,2.80E-05,,EAB,2.00E-05,,2.00E-05,,2.10E-05,2.00E-05,2.10E-05,2.00E-05,2.00E-05,2.10E-05,2.00E-05,5.40E-05,6.60E-05,3.40E-05,,EAB,3.30E-05,,3.30E-05,,3.30E-05,3.40E-05,3.30E-05,3.30E-05,3.40E-05,3.40E-05,3.30E-05,4.20E-05,6.40E-05,2.30E-05,,EAB,4.10E-05,,4.10E-05,,4.10E-05,4.20E-05,4.10E-05,4.10E-05,4.10E-05,4.10E-05,4.10E-05,3.50E-05,6.40E-05,2.30E-05
EAC,5.80E-05,5.80E-05,,5.90E-05,,6.00E-05,5.80E-05,5.80E-05,5.90E-05,5.90E-05,5.80E-05,2.40E-05,0.0001,3.50E-05,,EAC,2.60E-05,2.60E-05,,2.60E-05,,2.60E-05,2.70E-05,2.60E-05,2.60E-05,2.70E-05,2.60E-05,6.90E-05,8.50E-05,4.30E-05,,EAC,4.20E-05,4.20E-05,,4.20E-05,,4.30E-05,4.20E-05,4.20E-05,4.30E-05,4.20E-05,4.20E-05,5.30E-05,7.90E-05,2.80E-05,,EAC,5.10E-05,5.10E-05,,5.10E-05,,5.20E-05,5.00E-05,5.10E-05,5.20E-05,5.10E-05,5.00E-05,4.30E-05,7.90E-05,2.80E-05
EAD,0.000155,0.000155,0.000155,,0.000155,,0.000154,0.000155,0.000158,0.000156,0.000154,6.40E-05,0.000265,9.20E-05,,EAD,1.30E-05,1.30E-05,1.30E-05,,1.30E-05,,1.30E-05,1.30E-05,1.30E-05,1.30E-05,1.30E-05,3.40E-05,4.20E-05,2.10E-05,,EAD,0.000111,0.000111,0.000111,,0.000111,,0.00011,0.000111,0.000113,0.000111,0.00011,0.00014,0.00021,7.50E-05,,EAD,0.000134,0.000134,0.000135,,0.000134,,0.000134,0.000134,0.000137,0.000135,0.000134,0.000115,0.00021,7.50E-05
EAE,2.90E-05,2.90E-05,2.90E-05,2.90E-05,,3.00E-05,,2.90E-05,2.90E-05,2.90E-05,2.90E-05,1.20E-05,4.90E-05,1.70E-05,,EAE,0.000157,0.000156,0.000156,0.000155,,0.000157,,0.000156,0.000155,0.000161,0.000156,0.000411,0.000503,0.000258,,EAE,2.10E-05,2.10E-05,2.10E-05,2.10E-05,,2.10E-05,,2.00E-05,2.10E-05,2.10E-05,2.00E-05,2.60E-05,3.90E-05,1.40E-05,,EAE,2.50E-05,2.50E-05,2.50E-05,2.50E-05,,2.60E-05,,2.50E-05,2.50E-05,2.50E-05,2.50E-05,2.10E-05,3.90E-05,1.40E-05
EAF,0.000311,0.000311,0.000311,0.000314,0.00031,,0.00031,,0.000317,0.000312,0.00031,0.000129,0.000532,0.000185,,EAF,4.00E-05,4.00E-05,4.00E-05,4.00E-05,4.20E-05,,4.10E-05,,4.00E-05,4.10E-05,4.00E-05,0.000106,0.000129,6.60E-05,,EAF,0.000222,0.000222,0.000222,0.000225,0.000222,,0.000222,,0.000227,0.000223,0.000222,0.000281,0.000422,0.000151,,EAF,0.00027,0.00027,0.00027,0.000273,0.000269,,0.000269,,0.000275,0.000271,0.000269,0.000231,0.000422,0.000151
EAG,2.60E-05,2.60E-05,2.60E-05,2.60E-05,2.50E-05,2.60E-05,,2.60E-05,,2.60E-05,2.50E-05,1.10E-05,4.40E-05,1.50E-05,,EAG,0.000109,0.000108,0.000108,0.000108,0.000112,0.000109,,0.000108,,0.000112,0.000108,0.000286,0.000349,0.000179,,EAG,1.80E-05,1.80E-05,1.80E-05,1.80E-05,1.80E-05,1.90E-05,,1.80E-05,,1.80E-05,1.80E-05,2.30E-05,3.50E-05,1.20E-05,,EAG,2.20E-05,2.20E-05,2.20E-05,2.20E-05,2.20E-05,2.30E-05,,2.20E-05,,2.20E-05,2.20E-05,1.90E-05,3.50E-05,1.20E-05
EAH,3.70E-05,3.70E-05,3.70E-05,3.70E-05,3.60E-05,3.80E-05,3.60E-05,,3.70E-05,,3.60E-05,1.50E-05,6.30E-05,2.20E-05,,EAH,2.60E-05,2.60E-05,2.60E-05,2.60E-05,2.70E-05,2.60E-05,2.70E-05,,2.60E-05,,2.60E-05,6.90E-05,8.40E-05,4.30E-05,,EAH,2.60E-05,2.60E-05,2.60E-05,2.60E-05,2.60E-05,2.70E-05,2.60E-05,,2.70E-05,,2.60E-05,3.30E-05,5.00E-05,1.80E-05,,EAH,3.20E-05,3.20E-05,3.20E-05,3.20E-05,3.20E-05,3.30E-05,3.20E-05,,3.20E-05,,3.20E-05,2.70E-05,5.00E-05,1.80E-05
EAI,0.000234,0.000234,0.000234,0.000237,0.000233,0.000241,0.000233,0.000233,,0.000235,,9.70E-05,0.0004,0.000139,,EAI,1.10E-05,1.10E-05,1.10E-05,1.10E-05,1.10E-05,1.10E-05,1.10E-05,1.10E-05,,1.10E-05,,2.80E-05,3.50E-05,1.80E-05,,EAI,0.000167,0.000167,0.000167,0.000169,0.000167,0.000172,0.000167,0.000167,,0.000168,,0.000211,0.000318,0.000114,,EAI,0.000203,0.000203,0.000203,0.000205,0.000203,0.000209,0.000203,0.000203,,0.000204,,0.000174,0.000318,0.000114
EAJ,9.40E-05,9.40E-05,9.40E-05,9.50E-05,9.40E-05,9.60E-05,9.40E-05,9.40E-05,9.60E-05,,9.40E-05,,0.00016,5.60E-05,,EAJ,0.000142,0.000141,0.000141,0.000141,0.000147,0.000142,0.000145,0.000141,0.000141,,0.000141,,0.000456,0.000233,,EAJ,6.70E-05,6.70E-05,6.70E-05,6.80E-05,6.70E-05,6.90E-05,6.70E-05,6.70E-05,6.80E-05,,6.70E-05,,0.000127,4.60E-05,,EAJ,8.10E-05,8.10E-05,8.20E-05,8.20E-05,8.10E-05,8.40E-05,8.10E-05,8.10E-05,8.30E-05,,8.10E-05,,0.000127,4.60E-05
EAK,2.60E-05,2.60E-05,2.60E-05,2.70E-05,2.60E-05,2.70E-05,2.60E-05,2.60E-05,2.70E-05,2.60E-05,,1.10E-05,,1.60E-05,,EAK,2.50E-05,2.50E-05,2.50E-05,2.50E-05,2.60E-05,2.50E-05,2.60E-05,2.50E-05,2.50E-05,2.60E-05,,6.60E-05,,4.10E-05,,EAK,1.90E-05,1.90E-05,1.90E-05,1.90E-05,1.90E-05,1.90E-05,1.90E-05,1.90E-05,1.90E-05,1.90E-05,,2.40E-05,,1.30E-05,,EAK,2.30E-05,2.30E-05,2.30E-05,2.30E-05,2.30E-05,2.30E-05,2.30E-05,2.30E-05,2.30E-05,2.30E-05,,2.00E-05,,1.30E-05
EAL,0.00041,0.00041,0.000411,0.000415,0.000409,0.000422,0.000409,0.00041,0.000419,0.000412,0.000409,,0.000702,,,EAL,0.000198,0.000197,0.000197,0.000196,0.000204,0.000198,0.000202,0.000197,0.000196,0.000204,0.000197,,0.000636,,,EAL,0.000293,0.000293,0.000294,0.000297,0.000293,0.000302,0.000293,0.000293,0.0003,0.000295,0.000293,,0.000557,,,EAL,0.000356,0.000356,0.000357,0.000361,0.000356,0.000367,0.000355,0.000356,0.000364,0.000358,0.000356,,0.000557,
RW,,0.005566,0.005573,0.005632,0.005555,0.00573,0.005553,0.00556,0.005681,0.005594,0.005553,0.002305,,0.003321,,RW,,0.00173,0.001733,0.001726,0.001796,0.001739,0.001772,0.001732,0.001725,0.001789,0.001732,0.004568,,0.002861,,RW,,0.003981,0.003986,0.004028,0.003973,0.004098,0.003972,0.003976,0.004063,0.004001,0.003972,0.005033,,0.002704,,RW,,0.004834,0.00484,0.004891,0.004824,0.004977,0.004823,0.004828,0.004934,0.004859,0.004823,0.004145,,0.002704
US,0.002208,,0.002211,0.002234,0.002204,0.002273,0.002203,0.002206,0.002254,0.00222,0.002203,0.000915,0.003779,,,US,0.001149,,0.001143,0.001139,0.001185,0.001147,0.001169,0.001143,0.001138,0.00118,0.001142,0.003013,0.003685,,,US,0.001579,,0.001581,0.001598,0.001576,0.001626,0.001576,0.001578,0.001612,0.001587,0.001576,0.001997,0.002999,,,US,0.001918,,0.00192,0.001941,0.001914,0.001974,0.001913,0.001916,0.001958,0.001928,0.001913,0.001644,0.002999,
