"DATASET","SERIES_CODE","OBS_MEASURE","COUNTRY","INDICATOR","FREQUENCY","1995","1996","1997","1998","1999","2000","2001","2002","2003","2004","2005","2006","2007","2008","2009","2010","2011","2012","2013","2014","2015","2016","2017","2018","2019","2020"
"IMF.RES:WEO(6.0.0)","G001.NGDPD.A","OBS_VALUE","World","Gross domestic product (GDP), Current prices, US dollar","Annual","31269.011","32143.509","32059.262","31893.491","33020.872","34138.96","33897.174","35013.212","39318.946","44255.95","47951.782","51944.573","58637.753","64361.599","60956.964","66681.954","74034.228","75474.742","77697.617","79807.571","75330.329","76597.84","81479.196","86497.192","87772.492","85519.462"
"IMF.RES:WEO(6.0.0)","G110.NGDPD.A","OBS_VALUE","Advanced Economies","Gross domestic product (GDP), Current prices, US dollar","Annual","25386.525","25569.176","25071.192","25154.169","26500.127","26963.822","26690.444","27848.91","31245.849","34669.549","36495.443","38384.366","41935.56","44303.754","41802.238","43660.011","46889.69","46709.437","47175.646","48288.303","45710.602","46952.89","49014.751","51863.074","52399.574","51527.538"
"IMF.RES:WEO(6.0.0)","G119.NGDPD.A","OBS_VALUE","G7","Gross domestic product (GDP), Current prices, US dollar","Annual","20505.266","20470.046","20205.15","20473.246","21594.537","22112.21","21854.685","22533.721","24879.158","27331.248","28544.573","29771.997","31977.972","33541.878","31945.782","33179.381","35291.545","35446.386","35503.783","36379.787","34937.26","35928.783","37194.333","39234.801","39955.338","39251.359"
"IMF.RES:WEO(6.0.0)","G163.NGDPD.A","OBS_VALUE","Euro Area (EA)","Gross domestic product (GDP), Current prices, US dollar","Annual","7641.512","7760.426","6970.111","7135.488","7154.319","6525.12","6621.795","7225.41","8904.607","10210.254","10601.683","11270.219","12985.332","14284.644","13057.033","12784.351","13789.822","12783.046","13346.064","13671.553","11817.521","12108.592","12825.308","13861.869","13572.908","13229.445"
"IMF.RES:WEO(6.0.0)","GX123.NGDPD.A","OBS_VALUE","Other Advanced Economies (Advanced Economies excluding G7 and Euro Area countries)","Gross domestic product (GDP), Current prices, US dollar","Annual","2712.876","2893.52","2802.683","2525.131","2707.942","2800.172","2716.2","2955.345","3403.893","3888.962","4292.285","4651.311","5319.442","5612.985","5160.602","5946.533","6791.018","6848.143","7086.172","7220.494","6650.084","6791.123","7299.798","7688.832","7556.87","7515.723"
"IMF.RES:WEO(6.0.0)","G510.NGDPD.A","OBS_VALUE","ASEAN-5","Gross domestic product (GDP), Current prices, US dollar","Annual","682.569","758.546","714.207","467.858","553.957","587.767","564.573","633.787","712.337","798.144","885.755","1064.94","1272.687","1466.161","1442.422","1803.078","2079.603","2191.371","2252.201","2253.38","2177.837","2284.293","2462.802","2631.342","2781.881","2608.251"
"IMF.RES:WEO(6.0.0)","G998.NGDPD.A","OBS_VALUE","European Union (EU)","Gross domestic product (GDP), Current prices, US dollar","Annual","8290.975","8426.322","7738.035","7973.592","7942.939","7289.66","7403.04","8090.796","9949.065","11438.498","11954.984","12763.168","14790.108","16369.368","14837.588","14655.285","15870.872","14743.531","15402.091","15769.415","13658.69","13988.192","14867.334","16094.376","15802.16","15479.85"
"IMF.RES:WEO(6.0.0)","G200.NGDPD.A","OBS_VALUE","Emerging Market and Developing Economies (EMDE)","Gross domestic product (GDP), Current prices, US dollar","Annual","5882.485","6574.333","6988.071","6739.322","6520.744","7175.138","7206.73","7164.302","8073.097","9586.401","11456.338","13560.206","16702.194","20057.845","19154.726","23021.943","27144.539","28765.306","30521.971","31519.269","29619.727","29644.951","32464.444","34634.119","35372.918","33991.924"
"IMF.RES:WEO(6.0.0)","G505.NGDPD.A","OBS_VALUE","Emerging and Developing Asia","Gross domestic product (GDP), Current prices, US dollar","Annual","1811.917","2052.654","2131.736","1973.024","2165.907","2324.275","2453.501","2689.29","3067.434","3557.501","4109.284","4883.116","6176.93","7432.207","8081.869","9734.921","11666.052","12860.754","14076.158","15214.392","15831.317","16280.491","17903.701","19741.915","20585.161","20832.525"
"IMF.RES:WEO(6.0.0)","G903.NGDPD.A","OBS_VALUE","Emerging and Developing Europe","Gross domestic product (GDP), Current prices, US dollar","Annual","867.779","988.507","1049.564","934.296","801.262","891.126","912.377","1032.664","1277.175","1647.038","2049.499","2447.026","3145.641","3877.46","3023.664","3528.997","4136.414","4269.765","4513.272","4249.586","3297.207","3227.913","3647.099","3824.569","3879.711","3627.075"
"IMF.RES:WEO(6.0.0)","G400.NGDPD.A","OBS_VALUE","Middle East and Central Asia","Gross domestic product (GDP), Current prices, US dollar","Annual","789.885","896.776","949.647","950.793","1062.888","1272.628","1225.066","1042.228","1182.628","1418.578","1726.035","2059.61","2464.817","3046.837","2736.486","3211.156","3793.275","3908.08","4047.876","4150.172","3709.045","3664.137","3776.477","3937.511","3856.637","3445.323"
"IMF.RES:WEO(6.0.0)","G205.NGDPD.A","OBS_VALUE","Latin America and the Caribbean (LAC)","Gross domestic product (GDP), Current prices, US dollar","Annual","1915.501","2080.03","2278.261","2301.29","2066.873","2259.769","2207.294","1958.921","1990.523","2280.138","2766.683","3245.828","3847.896","4477.464","4136.87","5155.629","5952.597","6048.382","6120.126","6061.089","5132.02","4940.908","5495.926","5358.782","5241.734","4399.085"
"IMF.RES:WEO(6.0.0)","G603.NGDPD.A","OBS_VALUE","Sub-Saharan Africa (SSA)","Gross domestic product (GDP), Current prices, US dollar","Annual","497.404","556.365","578.862","579.919","423.814","427.34","408.492","441.199","555.338","683.145","804.838","924.627","1066.91","1223.877","1175.837","1391.241","1596.2","1678.325","1764.54","1844.029","1650.138","1531.502","1641.241","1771.342","1809.675","1687.915"
"IMF.RES:WEO(6.0.0)","AFG.NGDPD.A","OBS_VALUE","Afghanistan, Islamic Republic of","Gross domestic product (GDP), Current prices, US dollar","Annual","","","","","","","","4.367","4.553","5.146","6.167","6.925","8.556","10.297","12.066","15.325","17.89","20.293","20.17","20.616","20.057","18.02","18.883","18.336","18.876","20.136"
"IMF.RES:WEO(6.0.0)","ALB.NGDPD.A","OBS_VALUE","Albania","Gross domestic product (GDP), Current prices, US dollar","Annual","2.882","3.2","2.225","2.555","3.226","3.488","3.927","4.356","5.561","7.177","8.052","8.896","10.677","12.881","12.044","11.937","12.899","12.324","12.784","13.246","11.389","11.862","13.053","15.157","15.399","15.192"
"IMF.RES:WEO(6.0.0)","DZA.NGDPD.A","OBS_VALUE","Algeria","Gross domestic product (GDP), Current prices, US dollar","Annual","45.654","50.945","52.287","52.297","53.011","59.418","59.413","61.516","73.482","91.914","107.047","123.084","142.483","180.384","150.317","177.785","218.332","227.144","229.701","238.943","187.494","180.764","190.004","194.507","193.361","164.774"
"IMF.RES:WEO(6.0.0)","ARG.NGDPD.A","OBS_VALUE","Argentina","Gross domestic product (GDP), Current prices, US dollar","Annual","288.497","304.282","327.436","334.244","316.998","317.759","300.421","112.458","142.431","164.911","199.273","232.892","287.921","363.545","334.633","424.729","527.644","579.666","611.471","563.614","642.464","556.774","643.861","524.431","446.762","385.218"
"IMF.RES:WEO(6.0.0)","ATG.NGDPD.A","OBS_VALUE","Antigua and Barbuda","Gross domestic product (GDP), Current prices, US dollar","Annual","0.616","0.679","0.734","0.79","0.836","0.901","0.878","0.898","0.948","1.026","1.144","1.304","1.487","1.558","1.386","1.298","1.287","1.365","1.325","1.379","1.438","1.49","1.531","1.662","1.725","1.411"
"IMF.RES:WEO(6.0.0)","AGO.NGDPD.A","OBS_VALUE","Angola","Gross domestic product (GDP), Current prices, US dollar","Annual","8.148","10.51","12.344","10.464","9.895","12.646","12.378","17.312","20.342","26.998","41.397","58.654","73.038","98.79","81.705","95.547","125.552","143.573","153.761","164.448","131.661","114.764","139.835","114.189","94.671","66.521"
"IMF.RES:WEO(6.0.0)","AND.NGDPD.A","OBS_VALUE","Andorra, Principality of","Gross domestic product (GDP), Current prices, US dollar","Annual","","","","","","1.429","1.547","1.758","2.362","2.896","3.158","3.456","3.952","4.082","3.675","3.446","3.625","3.189","3.193","3.267","2.789","2.895","2.993","3.217","3.155","2.885"
"IMF.RES:WEO(6.0.0)","AUT.NGDPD.A","OBS_VALUE","Austria","Gross domestic product (GDP), Current prices, US dollar","Annual","241.234","237.343","213.045","218.557","217.475","197.377","197.51","214.243","262.208","301.321","316.267","336.298","389.231","432.005","401.323","392.595","431.609","409.661","430.197","442.699","382.01","395.728","417.114","455.198","444.645","434.701"
"IMF.RES:WEO(6.0.0)","BGD.NGDPD.A","OBS_VALUE","Bangladesh","Gross domestic product (GDP), Current prices, US dollar","Annual","51.842","55.445","57.599","59.879","61.526","61.687","62.537","65.036","71.755","77.152","79.53","86.028","95.374","109.765","122.76","138.094","154.097","159.749","179.676","207.102","233.687","265.236","293.755","321.379","351.238","373.902"
"IMF.RES:WEO(6.0.0)","ARM.NGDPD.A","OBS_VALUE","Armenia, Republic of","Gross domestic product (GDP), Current prices, US dollar","Annual","1.287","1.597","1.639","1.892","1.845","1.912","2.118","2.376","2.807","3.577","4.9","6.384","9.206","11.662","8.648","9.26","10.142","10.619","11.121","11.61","10.553","10.546","11.527","12.458","13.619","12.642"
"IMF.RES:WEO(6.0.0)","ABW.NGDPD.A","OBS_VALUE","Aruba, Kingdom of the Netherlands","Gross domestic product (GDP), Current prices, US dollar","Annual","1.321","1.38","1.532","1.665","1.723","1.873","1.896","1.962","2.044","2.255","2.36","2.47","2.678","2.843","2.554","2.454","2.638","2.615","2.728","2.791","2.963","2.984","3.092","3.276","3.396","2.559"
"IMF.RES:WEO(6.0.0)","BHS.NGDPD.A","OBS_VALUE","Bahamas, The","Gross domestic product (GDP), Current prices, US dollar","Annual","5.653","5.95","6.332","6.833","7.684","8.076","8.318","8.881","8.87","9.055","9.836","10.167","10.618","10.526","9.982","10.096","10.07","10.72","10.396","10.974","11.672","11.745","12.237","12.616","13.016","9.958"
"IMF.RES:WEO(6.0.0)","AZE.NGDPD.A","OBS_VALUE","Azerbaijan, Republic of","Gross domestic product (GDP), Current prices, US dollar","Annual","2.417","3.177","4.317","4.28","4.581","5.273","5.475","6.232","7.276","8.682","13.239","20.983","33.05","48.852","44.297","52.909","65.952","69.684","74.164","75.235","52.997","37.83","41.375","47.113","48.174","42.693"
"IMF.RES:WEO(6.0.0)","BHR.NGDPD.A","OBS_VALUE","Bahrain, Kingdom of","Gross domestic product (GDP), Current prices, US dollar","Annual","7.075","7.357","7.629","7.293","7.905","9.448","9.579","10.001","11.546","13.709","16.647","19.291","22.653","26.803","23.913","26.806","29.915","31.963","33.823","34.773","32.523","33.885","37.205","39.568","40.447","35.838"
"IMF.RES:WEO(6.0.0)","AUS.NGDPD.A","OBS_VALUE","Australia","Gross domestic product (GDP), Current prices, US dollar","Annual","379.172","424.744","426.342","381.483","411.976","400.303","378.077","425.477","541.191","658.776","736.434","783.451","950.092","1056.574","1000.837","1254.689","1515.589","1570.323","1520.13","1457.357","1234.457","1263.667","1382.668","1419.28","1388.092","1364.828"
"IMF.RES:WEO(6.0.0)","BLR.NGDPD.A","OBS_VALUE","Belarus, Republic of","Gross domestic product (GDP), Current prices, US dollar","Annual","10.532","14.494","14.091","15.215","12.133","10.785","12.778","15.092","18.42","23.928","31.239","38.219","46.815","62.798","50.855","57.22","61.368","65.669","75.496","78.736","56.329","47.703","54.723","60.011","64.414","61.312"
"IMF.RES:WEO(6.0.0)","BEN.NGDPD.A","OBS_VALUE","Benin","Gross domestic product (GDP), Current prices, US dollar","Annual","2.993","3.251","3.124","3.362","3.681","3.522","3.666","4.191","5.348","6.187","6.571","7.034","8.17","9.787","9.728","9.543","10.691","11.148","12.518","13.288","11.389","11.818","12.697","14.257","14.392","15.674"
"IMF.RES:WEO(6.0.0)","BLZ.NGDPD.A","OBS_VALUE","Belize","Gross domestic product (GDP), Current prices, US dollar","Annual","0.796","0.828","0.845","0.892","0.95","1.082","1.129","1.199","1.267","1.356","1.427","1.584","1.699","1.732","1.681","1.739","1.819","1.9","2.022","2.125","2.195","2.241","2.267","2.293","2.387","2.048"
"IMF.RES:WEO(6.0.0)","BRB.NGDPD.A","OBS_VALUE","Barbados","Gross domestic product (GDP), Current prices, US dollar","Annual","2.348","2.515","2.667","3.057","3.21","3.312","3.306","3.364","3.479","3.754","4.213","4.702","5.273","5.401","5.064","5.138","5.302","5.233","5.338","5.366","5.288","5.331","5.517","5.63","5.788","5.168"
"IMF.RES:WEO(6.0.0)","BEL.NGDPD.A","OBS_VALUE","Belgium","Gross domestic product (GDP), Current prices, US dollar","Annual","288.301","279.292","253.022","258.876","258.5","236.897","236.748","258.2","318.004","369.047","385.927","408.281","470.978","517.27","482.73","481.814","523.239","496.467","521.799","535.529","462.383","475.931","502.587","543.546","535.925","525.6"
"IMF.RES:WEO(6.0.0)","BIH.NGDPD.A","OBS_VALUE","Bosnia and Herzegovina","Gross domestic product (GDP), Current prices, US dollar","Annual","","3.584","4.578","5.281","5.766","5.554","5.784","6.711","8.477","10.157","10.935","12.46","15.323","18.712","17.601","17.164","18.629","17.207","18.155","18.522","16.404","17.117","18.326","20.484","20.483","20.226"
"IMF.RES:WEO(6.0.0)","BOL.NGDPD.A","OBS_VALUE","Bolivia","Gross domestic product (GDP), Current prices, US dollar","Annual","6.707","7.385","7.919","8.49","8.269","8.385","8.155","7.917","8.092","8.785","9.573","11.52","13.216","16.792","17.464","19.786","24.135","27.282","30.883","33.237","33.241","34.189","37.782","40.581","41.193","36.897"
"IMF.RES:WEO(6.0.0)","BWA.NGDPD.A","OBS_VALUE","Botswana","Gross domestic product (GDP), Current prices, US dollar","Annual","4.805","4.926","5.011","4.808","5.413","5.682","5.46","5.395","7.469","8.819","9.833","9.919","10.566","10.731","10.118","12.637","15.111","13.907","14.272","15.47","13.531","15.083","16.105","17.032","16.696","14.93"
"IMF.RES:WEO(6.0.0)","BTN.NGDPD.A","OBS_VALUE","Bhutan","Gross domestic product (GDP), Current prices, US dollar","Annual","0.308","0.324","0.362","0.398","0.418","0.454","0.474","0.517","0.616","0.7","0.818","0.876","1.071","1.353","1.274","1.511","1.842","1.931","1.967","1.933","2.126","2.218","2.445","2.651","2.618","2.586"
"IMF.RES:WEO(6.0.0)","BGR.NGDPD.A","OBS_VALUE","Bulgaria","Gross domestic product (GDP), Current prices, US dollar","Annual","18.992","12.295","11.317","15.031","13.628","13.246","14.183","16.403","21.146","26.158","29.868","34.38","44.432","54.476","52.024","50.69","57.682","54.297","55.82","57.081","50.766","53.929","59.288","66.398","68.889","70.311"
"IMF.RES:WEO(6.0.0)","BRA.NGDPD.A","OBS_VALUE","Brazil","Gross domestic product (GDP), Current prices, US dollar","Annual","770.86","851.146","883.862","864.307","599.642","655.454","559.982","509.798","558.232","669.29","891.633","1107.628","1397.114","1695.855","1669.204","2208.704","2614.027","2464.053","2471.718","2456.055","1800.046","1796.622","2063.519","1916.934","1873.286","1476.092"
"IMF.RES:WEO(6.0.0)","BRN.NGDPD.A","OBS_VALUE","Brunei Darussalam","Gross domestic product (GDP), Current prices, US dollar","Annual","7.153","7.204","7.043","5.353","5.779","6.65","6.206","6.475","7.266","8.723","10.561","12.71","13.571","15.949","11.892","13.707","18.525","19.048","18.094","17.098","12.93","11.4","12.128","13.567","13.469","12.006"
"IMF.RES:WEO(6.0.0)","BFA.NGDPD.A","OBS_VALUE","Burkina Faso","Gross domestic product (GDP), Current prices, US dollar","Annual","2.676","2.909","2.753","3.155","3.388","2.961","3.19","3.62","4.74","5.449","6.15","6.548","7.627","9.45","9.44","10.118","12.078","12.569","13.444","13.947","11.833","12.829","14.094","15.916","16.031","17.754"
"IMF.RES:WEO(6.0.0)","BDI.NGDPD.A","OBS_VALUE","Burundi","Gross domestic product (GDP), Current prices, US dollar","Annual","1.0","0.868","0.972","0.893","0.866","0.87","0.877","0.825","0.785","0.915","1.117","1.273","1.356","1.612","1.775","2.032","2.236","2.333","2.456","2.706","3.104","2.96","3.172","3.037","3.012","3.086"
"IMF.RES:WEO(6.0.0)","CPV.NGDPD.A","OBS_VALUE","Cabo Verde","Gross domestic product (GDP), Current prices, US dollar","Annual","0.57","0.611","0.609","0.648","0.693","0.699","0.791","0.867","1.105","1.263","1.395","1.452","1.65","1.96","1.852","1.825","2.047","1.913","2.029","2.042","1.75","1.855","1.965","2.073","2.231","1.831"
"IMF.RES:WEO(6.0.0)","KHM.NGDPD.A","OBS_VALUE","Cambodia","Gross domestic product (GDP), Current prices, US dollar","Annual","3.43","3.509","3.462","3.132","3.522","3.707","4.154","4.507","5.054","5.879","7.058","8.342","10.117","12.162","12.49","13.796","16.017","17.829","19.806","22.04","24.217","26.591","29.394","33.181","36.682","34.898"
"IMF.RES:WEO(6.0.0)","CAF.NGDPD.A","OBS_VALUE","Central African Republic","Gross domestic product (GDP), Current prices, US dollar","Annual","1.117","1.0","0.979","1.036","1.039","0.868","0.899","0.983","1.188","1.31","1.413","1.538","1.755","2.033","2.059","2.141","2.435","2.512","1.692","1.896","1.696","1.825","2.072","2.28","2.278","2.389"
"IMF.RES:WEO(6.0.0)","CHN.NGDPD.A","OBS_VALUE","China, People's Republic of","Gross domestic product (GDP), Current prices, US dollar","Annual","730.996","860.468","957.991","1024.167","1088.346","1205.532","1333.649","1465.829","1656.962","1949.446","2290.019","2754.149","3555.655","4577.28","5088.992","6033.83","7492.212","8539.584","9624.928","10524.241","11113.508","11226.897","12265.327","13841.812","14340.6","14862.564"
"IMF.RES:WEO(6.0.0)","CMR.NGDPD.A","OBS_VALUE","Cameroon","Gross domestic product (GDP), Current prices, US dollar","Annual","10.075","11.227","11.352","11.338","11.553","10.245","10.95","12.369","15.944","18.803","19.534","20.912","23.931","27.712","27.903","27.53","30.626","30.174","33.729","36.396","32.213","33.805","36.086","39.992","39.673","40.863"
"IMF.RES:WEO(6.0.0)","COL.NGDPD.A","OBS_VALUE","Colombia","Gross domestic product (GDP), Current prices, US dollar","Annual","110.564","116.13","127.49","117.725","103.132","99.27","97.606","97.353","94.072","116.382","145.601","161.793","206.229","242.504","232.469","286.498","334.966","370.691","382.093","381.24","293.493","282.72","311.889","334.124","323.055","270.348"
"IMF.RES:WEO(6.0.0)","TCD.NGDPD.A","OBS_VALUE","Chad","Gross domestic product (GDP), Current prices, US dollar","Annual","2.23","2.479","2.382","2.69","2.37","2.142","2.638","3.076","4.227","6.816","9.097","10.249","11.993","14.354","12.998","14.289","16.237","16.174","16.92","18.213","14.508","13.4","13.344","15.334","14.917","14.615"
"IMF.RES:WEO(6.0.0)","CAN.NGDPD.A","OBS_VALUE","Canada","Gross domestic product (GDP), Current prices, US dollar","Annual","605.941","630.598","655.01","634.004","678.417","744.631","738.968","760.149","895.599","1026.473","1173.505","1319.356","1468.896","1552.864","1376.509","1617.345","1793.327","1828.362","1846.595","1805.751","1556.508","1527.996","1649.266","1725.3","1743.725","1655.685"
"IMF.RES:WEO(6.0.0)","COD.NGDPD.A","OBS_VALUE","Congo, Democratic Republic of the","Gross domestic product (GDP), Current prices, US dollar","Annual","25.021","32.099","28.819","21.089","19.147","19.077","7.246","8.72","9.022","10.275","12.72","15.403","18.598","22.665","18.626","22.34","26.406","30.074","34.908","38.355","40.154","38.086","39.461","48.037","50.891","49.613"
"IMF.RES:WEO(6.0.0)","CRI.NGDPD.A","OBS_VALUE","Costa Rica","Gross domestic product (GDP), Current prices, US dollar","Annual","11.578","11.683","12.618","13.688","14.259","15.016","15.979","16.584","17.277","18.615","20.049","22.717","26.885","30.802","30.746","37.656","42.762","47.231","50.949","52.017","56.442","58.847","60.517","62.422","64.412","62.382"
"IMF.RES:WEO(6.0.0)","COG.NGDPD.A","OBS_VALUE","Congo, Republic of","Gross domestic product (GDP), Current prices, US dollar","Annual","2.457","2.84","2.568","2.24","2.646","3.624","3.038","3.33","3.863","5.101","6.654","8.073","8.784","11.649","9.713","13.159","15.653","17.704","17.959","17.918","11.891","10.928","11.83","14.781","13.977","11.485"
"IMF.RES:WEO(6.0.0)","COM.NGDPD.A","OBS_VALUE","Comoros, Union of the","Gross domestic product (GDP), Current prices, US dollar","Annual","0.393","0.392","0.363","0.364","0.372","0.34","0.373","0.427","0.547","0.622","0.656","0.689","0.796","0.916","0.904","0.909","1.023","1.016","1.116","1.15","0.966","1.013","1.077","1.179","1.188","1.218"
"IMF.RES:WEO(6.0.0)","CHL.NGDPD.A","OBS_VALUE","Chile","Gross domestic product (GDP), Current prices, US dollar","Annual","74.119","78.575","85.73","81.996","75.596","78.25","71.517","70.295","76.508","99.079","122.315","153.84","172.565","179.663","171.794","217.105","251.225","267.165","277.218","259.394","242.515","249.306","276.357","295.428","278.04","254.06"
"IMF.RES:WEO(6.0.0)","CZE.NGDPD.A","OBS_VALUE","Czech Republic","Gross domestic product (GDP), Current prices, US dollar","Annual","60.565","67.805","62.53","67.161","65.586","62.171","68.136","82.596","100.471","120.148","137.264","156.236","189.845","236.82","207.095","211.169","231.429","210.363","213.024","210.911","189.108","198.161","221.564","251.992","256.794","251.11"
"IMF.RES:WEO(6.0.0)","CIV.NGDPD.A","OBS_VALUE","Côte d'Ivoire","Gross domestic product (GDP), Current prices, US dollar","Annual","15.205","16.78","16.203","17.433","17.114","14.851","15.485","17.148","21.206","22.924","23.626","24.628","28.158","33.621","33.693","34.431","35.529","37.03","43.228","48.882","45.815","48.408","52.512","58.522","60.383","63.119"
"IMF.RES:WEO(6.0.0)","DNK.NGDPD.A","OBS_VALUE","Denmark","Gross domestic product (GDP), Current prices, US dollar","Annual","184.85","187.482","173.242","176.876","177.887","164.043","164.881","178.788","218.422","251.988","265.15","283.387","320.213","354.977","322.621","322.346","344.316","326.793","344.631","352.833","301.759","312.182","331.611","355.293","345.402","355.631"
"IMF.RES:WEO(6.0.0)","HRV.NGDPD.A","OBS_VALUE","Croatia, Republic of","Gross domestic product (GDP), Current prices, US dollar","Annual","20.65","22.097","22.094","23.963","23.585","22.138","23.063","26.739","35.249","41.836","45.05","49.601","59.325","68.515","62.028","58.886","62.756","57.447","59.592","59.506","51.016","52.726","56.302","61.886","61.871","58.179"
"IMF.RES:WEO(6.0.0)","DMA.NGDPD.A","OBS_VALUE","Dominica","Gross domestic product (GDP), Current prices, US dollar","Annual","0.275","0.292","0.303","0.322","0.332","0.333","0.34","0.333","0.343","0.367","0.364","0.39","0.421","0.458","0.489","0.494","0.501","0.486","0.498","0.52","0.541","0.576","0.522","0.555","0.612","0.504"
"IMF.RES:WEO(6.0.0)","DOM.NGDPD.A","OBS_VALUE","Dominican Republic","Gross domestic product (GDP), Current prices, US dollar","Annual","16.637","18.242","20.017","21.672","22.137","24.306","25.602","27.249","21.518","22.506","35.948","37.998","44.067","48.206","48.319","53.921","58.088","60.747","62.758","67.264","71.254","75.777","80.082","85.63","89.032","78.923"
"IMF.RES:WEO(6.0.0)","DJI.NGDPD.A","OBS_VALUE","Djibouti","Gross domestic product (GDP), Current prices, US dollar","Annual","0.699","0.694","0.706","0.722","0.759","0.781","0.811","0.837","0.882","0.936","0.996","1.08","1.191","1.382","1.426","1.544","1.74","1.901","2.044","2.221","2.424","2.605","2.763","2.913","3.089","3.185"
"IMF.RES:WEO(6.0.0)","CYP.NGDPD.A","OBS_VALUE","Cyprus","Gross domestic product (GDP), Current prices, US dollar","Annual","9.937","10.016","9.544","10.251","10.502","9.988","10.397","11.422","14.552","17.328","18.713","20.422","24.082","27.955","26.02","25.821","27.637","25.063","23.96","23.232","19.911","21.041","22.938","25.609","25.95","25.207"
"IMF.RES:WEO(6.0.0)","ERI.NGDPD.A","OBS_VALUE","Eritrea, The State of","Gross domestic product (GDP), Current prices, US dollar","Annual","0.483","0.579","0.594","0.626","0.614","0.547","0.582","0.564","0.673","0.858","0.85","0.937","1.02","0.923","1.297","1.59","2.065","2.255","1.958","2.604","2.016","2.213","1.904","2.006","1.982",""
"IMF.RES:WEO(6.0.0)","ECU.NGDPD.A","OBS_VALUE","Ecuador","Gross domestic product (GDP), Current prices, US dollar","Annual","21.98","23.001","25.847","26.292","18.891","17.531","23.127","27.054","30.965","35.195","40.279","45.691","49.849","61.139","60.095","68.151","78.987","87.735","96.57","102.718","97.21","97.671","104.467","107.479","107.596","95.865"
"IMF.RES:WEO(6.0.0)","GNQ.NGDPD.A","OBS_VALUE","Equatorial Guinea, Republic of","Gross domestic product (GDP), Current prices, US dollar","Annual","0.169","0.276","0.526","0.44","0.738","1.159","1.674","2.07","3.733","5.935","8.191","10.096","13.091","19.828","15.072","16.328","21.354","22.403","21.949","21.771","13.187","11.238","12.197","13.309","11.365","9.908"
"IMF.RES:WEO(6.0.0)","EGY.NGDPD.A","OBS_VALUE","Egypt, Arab Republic of","Gross domestic product (GDP), Current prices, US dollar","Annual","63.25","71.118","79.777","89.189","95.039","104.752","102.273","90.261","85.163","82.855","94.127","112.902","137.055","170.797","198.316","230.024","247.726","294.482","303.194","321.634","350.119","351.443","246.826","263.156","317.894","382.525"
"IMF.RES:WEO(6.0.0)","SLV.NGDPD.A","OBS_VALUE","El Salvador","Gross domestic product (GDP), Current prices, US dollar","Annual","8.922","9.586","10.222","10.937","11.284","11.785","12.283","12.664","13.244","13.725","14.698","16.0","17.012","17.987","17.602","18.448","20.284","21.386","21.991","22.593","23.438","24.191","24.979","26.021","26.881","24.921"
"IMF.RES:WEO(6.0.0)","SWZ.NGDPD.A","OBS_VALUE","Eswatini, Kingdom of","Gross domestic product (GDP), Current prices, US dollar","Annual","1.932","1.83","1.957","1.797","1.764","1.739","1.544","1.436","2.198","2.774","3.177","3.293","3.465","3.298","3.596","4.438","4.826","4.887","4.6","4.426","4.061","3.815","4.407","4.667","4.495","3.984"
"IMF.RES:WEO(6.0.0)","EST.NGDPD.A","OBS_VALUE","Estonia, Republic of","Gross domestic product (GDP), Current prices, US dollar","Annual","3.909","4.785","5.16","5.678","5.771","5.707","6.274","7.393","9.894","12.161","14.129","17.049","22.478","24.434","19.694","19.569","23.3","23.252","25.451","27.063","23.314","24.554","27.46","31.237","31.877","31.791"
"IMF.RES:WEO(6.0.0)","FIN.NGDPD.A","OBS_VALUE","Finland","Gross domestic product (GDP), Current prices, US dollar","Annual","134.21","132.046","127.027","134.164","135.369","126.023","129.521","140.262","171.57","197.369","204.973","217.056","256.39","285.667","253.206","249.633","275.079","257.606","270.272","273.549","233.234","238.712","253.757","273.993","267.044","269.784"
"IMF.RES:WEO(6.0.0)","ETH.NGDPD.A","OBS_VALUE","Ethiopia, The Federal Democratic Republic of","Gross domestic product (GDP), Current prices, US dollar","Annual","7.887","8.794","8.621","7.815","7.515","8.167","8.103","7.828","8.604","10.122","12.387","15.31","19.329","26.25","28.672","26.887","30.48","42.221","46.544","54.165","63.081","72.12","76.841","80.207","92.608","96.611"
"IMF.RES:WEO(6.0.0)","FJI.NGDPD.A","OBS_VALUE","Fiji, Republic of","Gross domestic product (GDP), Current prices, US dollar","Annual","2.134","2.307","2.268","1.795","2.104","1.824","1.798","1.996","2.509","2.954","3.257","3.361","3.688","3.816","3.106","3.402","4.094","4.303","4.539","4.857","4.682","4.93","5.353","5.581","5.444","4.432"
"IMF.RES:WEO(6.0.0)","FRA.NGDPD.A","OBS_VALUE","France","Gross domestic product (GDP), Current prices, US dollar","Annual","1596.25","1599.248","1451.058","1498.974","1488.392","1361.56","1370.386","1491.373","1834.637","2108.835","2193.358","2317.985","2656.13","2926.483","2697.144","2648.391","2869.903","2684.706","2816.119","2861.973","2442.731","2469.726","2587.955","2782.838","2723.094","2645.806"
"IMF.RES:WEO(6.0.0)","GAB.NGDPD.A","OBS_VALUE","Gabon","Gross domestic product (GDP), Current prices, US dollar","Annual","5.281","6.064","5.673","4.774","4.966","5.397","5.023","5.332","6.51","7.767","9.468","10.164","12.457","15.57","12.188","14.384","18.207","17.181","17.596","18.209","14.385","14.02","14.924","16.83","16.875","15.364"
"IMF.RES:WEO(6.0.0)","DEU.NGDPD.A","OBS_VALUE","Germany","Gross domestic product (GDP), Current prices, US dollar","Annual","2595.269","2507.448","2221.504","2250.847","2216.072","1967.85","1966.395","2100.865","2534.081","2851.023","2894.992","3046.47","3484.467","3808.369","3476.022","3470.987","3824.155","3600.175","3808.142","3966.823","3423.915","3536.808","3761.764","4053.846","3957.645","3936.989"
"IMF.RES:WEO(6.0.0)","GRC.NGDPD.A","OBS_VALUE","Greece","Gross domestic product (GDP), Current prices, US dollar","Annual","136.941","145.872","143.327","144.644","149.412","132.198","136.31","154.455","202.319","240.854","248.012","273.561","318.94","355.87","330.949","297.368","282.946","242.183","238.911","235.519","195.703","193.095","199.774","212.146","205.275","188.329"
"IMF.RES:WEO(6.0.0)","GEO.NGDPD.A","OBS_VALUE","Georgia","Gross domestic product (GDP), Current prices, US dollar","Annual","1.961","3.148","3.608","3.73","2.898","3.144","3.311","3.493","4.103","5.269","6.59","7.979","10.458","13.158","11.069","12.425","15.475","16.894","17.516","17.966","15.223","15.445","16.472","17.905","17.645","16.013"
"IMF.RES:WEO(6.0.0)","GIN.NGDPD.A","OBS_VALUE","Guinea","Gross domestic product (GDP), Current prices, US dollar","Annual","5.139","5.316","5.212","5.003","4.798","4.039","3.806","4.022","4.759","5.012","4.506","4.178","6.317","6.966","6.753","6.858","6.775","7.387","8.376","8.777","8.79","8.604","10.325","11.857","13.443","14.089"
"IMF.RES:WEO(6.0.0)","GMB.NGDPD.A","OBS_VALUE","Gambia, The","Gross domestic product (GDP), Current prices, US dollar","Annual","0.909","0.949","0.983","1.009","1.036","1.01","1.002","0.887","0.843","0.962","1.028","1.054","1.28","1.562","1.45","1.543","1.41","1.415","1.376","1.229","1.355","1.47","1.498","1.662","1.806","1.809"
"IMF.RES:WEO(6.0.0)","GRD.NGDPD.A","OBS_VALUE","Grenada","Gross domestic product (GDP), Current prices, US dollar","Annual","0.342","0.367","0.392","0.446","0.482","0.52","0.52","0.54","0.591","0.599","0.695","0.699","0.759","0.826","0.771","0.771","0.779","0.8","0.843","0.911","0.997","1.062","1.126","1.167","1.213","1.043"
"IMF.RES:WEO(6.0.0)","GHA.NGDPD.A","OBS_VALUE","Ghana","Gross domestic product (GDP), Current prices, US dollar","Annual","14.61","15.482","15.794","17.166","17.766","11.47","12.234","14.205","17.528","20.302","24.6","28.883","34.044","38.659","34.601","43.327","53.849","56.854","63.702","54.417","49.437","56.144","60.385","67.274","68.352","70.005"
"IMF.RES:WEO(6.0.0)","GNB.NGDPD.A","OBS_VALUE","Guinea-Bissau","Gross domestic product (GDP), Current prices, US dollar","Annual","0.778","0.741","0.704","0.592","0.58","0.392","0.413","0.466","0.553","0.582","0.64","0.635","0.753","0.953","0.889","0.941","1.157","1.05","1.11","1.136","1.153","1.245","1.469","1.555","1.487","1.523"
"IMF.RES:WEO(6.0.0)","HTI.NGDPD.A","OBS_VALUE","Haiti","Gross domestic product (GDP), Current prices, US dollar","Annual","4.846","5.0","5.748","6.408","7.148","6.81","6.285","6.064","4.866","6.037","7.186","7.507","9.522","10.488","11.598","11.852","13.009","13.709","14.904","15.137","14.831","13.996","15.036","16.454","14.787","14.508"
"IMF.RES:WEO(6.0.0)","GUY.NGDPD.A","OBS_VALUE","Guyana","Gross domestic product (GDP), Current prices, US dollar","Annual","1.332","1.495","1.587","1.5","1.488","1.497","1.504","1.555","1.592","1.657","1.712","1.899","2.225","2.491","2.596","2.889","3.328","4.063","4.168","4.128","4.28","4.483","4.748","4.788","5.174","5.471"
"IMF.RES:WEO(6.0.0)","GTM.NGDPD.A","OBS_VALUE","Guatemala","Gross domestic product (GDP), Current prices, US dollar","Annual","14.05","14.992","16.982","18.461","17.422","18.124","19.735","21.924","23.092","24.977","28.179","31.308","35.028","40.242","37.997","41.493","47.419","49.902","52.989","57.835","62.18","66.034","71.624","73.331","77.156","77.718"
"IMF.RES:WEO(6.0.0)","HND.NGDPD.A","OBS_VALUE","Honduras","Gross domestic product (GDP), Current prices, US dollar","Annual","5.415","5.217","5.736","6.366","6.417","7.104","7.568","7.775","8.139","8.769","9.672","10.843","12.276","13.789","14.486","15.73","17.59","18.399","18.37","19.617","20.834","21.564","22.982","23.907","24.711","23.19"
"IMF.RES:WEO(6.0.0)","ITA.NGDPD.A","OBS_VALUE","Italy","Gross domestic product (GDP), Current prices, US dollar","Annual","1177.985","1315.136","1246.34","1274.382","1256.252","1150.169","1172.049","1280.84","1582.534","1811.987","1866.013","1958.667","2222.785","2417.242","2207.087","2146.687","2306.568","2099.259","2153.259","2173.816","1845.616","1886.59","1970.027","2100.387","2019.83","1905.954"
"IMF.RES:WEO(6.0.0)","HKG.NGDPD.A","OBS_VALUE","Hong Kong Special Administrative Region, People's Republic of China","Gross domestic product (GDP), Current prices, US dollar","Annual","144.652","159.718","177.349","168.858","165.734","171.643","169.381","166.336","161.37","169.085","181.556","193.515","211.583","219.279","214.048","228.639","248.514","262.629","275.697","291.46","309.386","320.86","341.271","361.731","363.075","344.941"
"IMF.RES:WEO(6.0.0)","HUN.NGDPD.A","OBS_VALUE","Hungary","Gross domestic product (GDP), Current prices, US dollar","Annual","46.426","46.659","47.297","48.707","49.073","47.218","53.75","67.609","85.285","104.121","113.211","115.716","140.187","158.326","131.069","132.175","141.942","128.814","135.684","141.034","125.174","128.61","143.112","160.566","164.011","157.289"
"IMF.RES:WEO(6.0.0)","IRQ.NGDPD.A","OBS_VALUE","Iraq","Gross domestic product (GDP), Current prices, US dollar","Annual","","","","","","25.984","21.113","21.063","15.8","36.642","50.065","65.144","88.833","131.614","111.66","138.517","185.75","218.032","234.638","234.651","177.634","168.429","190.048","230.189","236.682","182.576"
"IMF.RES:WEO(6.0.0)","IRN.NGDPD.A","OBS_VALUE","Iran, Islamic Republic of","Gross domestic product (GDP), Current prices, US dollar","Annual","114.941","158.032","184.138","205.0","275.092","366.917","330.978","132.682","158.416","188.961","228.428","272.361","360.928","425.699","440.408","517.899","625.43","421.882","428.321","460.809","408.288","458.042","486.829","332.846","241.658","195.528"
"IMF.RES:WEO(6.0.0)","ISL.NGDPD.A","OBS_VALUE","Iceland","Gross domestic product (GDP), Current prices, US dollar","Annual","7.124","7.426","7.57","8.504","8.982","9.026","8.235","9.318","11.429","13.825","16.853","17.465","21.653","18.075","13.154","13.751","15.222","14.752","16.125","17.868","17.517","20.793","24.728","26.261","24.681","21.63"
"IMF.RES:WEO(6.0.0)","IDN.NGDPD.A","OBS_VALUE","Indonesia","Gross domestic product (GDP), Current prices, US dollar","Annual","244.227","274.722","260.68","115.323","169.158","179.482","174.507","212.807","255.346","279.344","310.92","396.518","470.092","558.291","578.577","755.094","892.969","917.87","912.524","890.815","860.854","931.877","1015.619","1042.272","1119.1","1059.055"
"IMF.RES:WEO(6.0.0)","IND.NGDPD.A","OBS_VALUE","India","Gross domestic product (GDP), Current prices, US dollar","Annual","360.281","392.902","415.895","421.378","458.821","468.396","485.44","514.938","607.701","709.152","820.385","940.26","1216.736","1198.895","1341.889","1675.615","1823.052","1827.637","1856.721","2039.127","2103.588","2294.797","2651.474","2702.93","2835.606","2674.852"
"IMF.RES:WEO(6.0.0)","JAM.NGDPD.A","OBS_VALUE","Jamaica","Gross domestic product (GDP), Current prices, US dollar","Annual","6.549","7.394","8.4","8.787","8.887","9.065","9.195","9.719","9.43","10.175","11.233","11.946","12.881","13.743","12.107","13.193","14.413","14.765","14.213","13.865","14.154","14.108","14.755","15.648","15.808","13.885"
"IMF.RES:WEO(6.0.0)","KIR.NGDPD.A","OBS_VALUE","Kiribati","Gross domestic product (GDP), Current prices, US dollar","Annual","0.069","0.081","0.08","0.075","0.077","0.075","0.065","0.075","0.097","0.104","0.114","0.112","0.138","0.15","0.142","0.166","0.196","0.207","0.202","0.201","0.192","0.207","0.223","0.234","0.217","0.224"
"IMF.RES:WEO(6.0.0)","IRL.NGDPD.A","OBS_VALUE","Ireland","Gross domestic product (GDP), Current prices, US dollar","Annual","69.26","75.928","82.957","90.305","98.993","100.253","109.347","128.505","164.63","194.283","211.993","232.193","270.112","275.417","236.187","222.167","241.295","227.415","243.305","266.857","302.422","305.649","348.411","395.641","407.17","436.205"
"IMF.RES:WEO(6.0.0)","ISR.NGDPD.A","OBS_VALUE","Israel","Gross domestic product (GDP), Current prices, US dollar","Annual","105.553","115.181","119.516","120.586","121.425","136.516","134.99","125.339","131.544","140.162","147.442","159.076","184.706","221.231","213.401","239.679","268.095","263.59","298.469","315.019","303.47","321.942","358.459","376.309","400.941","413.196"
"IMF.RES:WEO(6.0.0)","JPN.NGDPD.A","OBS_VALUE","Japan","Gross domestic product (GDP), Current prices, US dollar","Annual","5545.566","4923.393","4492.449","4098.363","4635.982","4968.36","4374.71","4182.845","4519.564","4893.135","4831.467","4601.663","4579.75","5106.679","5289.494","5759.072","6233.148","6272.362","5212.328","4896.995","4444.931","5003.678","4930.837","5040.881","5117.995","5054.094"
"IMF.RES:WEO(6.0.0)","KAZ.NGDPD.A","OBS_VALUE","Kazakhstan, Republic of","Gross domestic product (GDP), Current prices, US dollar","Annual","16.639","21.035","22.166","22.135","16.87","18.292","22.153","24.637","30.834","43.152","57.125","81.003","104.85","133.442","115.309","148.047","192.626","207.999","236.635","221.416","184.388","137.289","166.806","179.34","181.667","171.082"
"IMF.RES:WEO(6.0.0)","JOR.NGDPD.A","OBS_VALUE","Jordan","Gross domestic product (GDP), Current prices, US dollar","Annual","6.759","7.054","7.389","8.163","8.414","8.725","9.268","9.972","10.575","11.771","13.134","15.795","17.957","22.648","24.538","27.134","29.524","31.679","34.503","36.9","38.642","39.949","41.667","43.432","44.566","43.762"
"IMF.RES:WEO(6.0.0)","KOR.NGDPD.A","OBS_VALUE","Korea, Republic of","Gross domestic product (GDP), Current prices, US dollar","Annual","587.059","632.201","591.202","396.682","515.213","597.802","567.655","649.747","728.497","822.583","971.54","1094.545","1220.756","1093.487","982.854","1192.722","1307.239","1335.344","1434.67","1556.252","1539.212","1578.816","1710.197","1824.251","1751.046","1744.456"
"IMF.RES:WEO(6.0.0)","KWT.NGDPD.A","OBS_VALUE","Kuwait","Gross domestic product (GDP), Current prices, US dollar","Annual","27.186","31.491","30.35","25.941","30.126","37.714","34.906","38.129","47.869","59.439","80.799","101.548","114.608","147.391","105.992","115.401","154.02","174.066","174.179","162.695","114.606","109.399","120.688","138.655","140.855","111.048"
"IMF.RES:WEO(6.0.0)","KEN.NGDPD.A","OBS_VALUE","Kenya","Gross domestic product (GDP), Current prices, US dollar","Annual","15.905","18.064","18.3","20.63","18.594","18.206","18.697","19.03","21.391","22.79","26.307","29.668","36.708","41.058","42.347","45.406","46.555","56.407","61.703","68.395","70.37","74.816","81.965","92.211","100.328","100.912"
"IMF.RES:WEO(6.0.0)","KGZ.NGDPD.A","OBS_VALUE","Kyrgyz Republic","Gross domestic product (GDP), Current prices, US dollar","Annual","1.493","1.822","1.767","1.63","1.242","1.368","1.525","1.606","1.92","2.214","2.459","2.837","3.807","5.139","4.69","4.794","6.198","6.604","7.335","7.467","6.678","6.813","7.703","8.271","9.372","8.283"
"IMF.RES:WEO(6.0.0)","LAO.NGDPD.A","OBS_VALUE","Lao People's Democratic Republic","Gross domestic product (GDP), Current prices, US dollar","Annual","3.579","3.726","3.515","1.334","1.415","1.72","1.757","1.844","2.26","2.651","3.079","3.934","4.757","5.946","6.431","7.506","8.964","10.194","11.972","13.266","14.418","15.904","17.055","18.131","18.77","18.511"
"IMF.RES:WEO(6.0.0)","LVA.NGDPD.A","OBS_VALUE","Latvia, Republic of","Gross domestic product (GDP), Current prices, US dollar","Annual","5.411","5.975","6.529","7.169","7.535","7.963","8.363","9.564","11.777","14.44","17.03","21.589","31.1","36.023","26.48","23.998","27.74","28.191","30.21","31.395","27.266","28.076","30.473","34.445","34.229","34.363"
"IMF.RES:WEO(6.0.0)","KOS.NGDPD.A","OBS_VALUE","Kosovo, Republic of","Gross domestic product (GDP), Current prices, US dollar","Annual","","","","","","2.217","2.509","2.73","3.39","3.71","3.828","4.019","4.868","5.202","5.03","5.348","6.34","6.167","6.735","7.076","6.296","6.681","7.178","7.882","7.9","7.728"
"IMF.RES:WEO(6.0.0)","LBR.NGDPD.A","OBS_VALUE","Liberia","Gross domestic product (GDP), Current prices, US dollar","Annual","","","","","","0.863","0.904","0.943","0.714","0.897","0.944","1.109","1.344","1.676","1.765","1.966","2.34","2.675","3.044","3.09","3.092","3.256","3.321","3.264","3.08","3.037"
"IMF.RES:WEO(6.0.0)","LBN.NGDPD.A","OBS_VALUE","Lebanon","Gross domestic product (GDP), Current prices, US dollar","Annual","10.971","12.824","15.535","17.059","17.174","17.018","17.361","18.837","19.486","21.16","21.497","22.023","24.827","29.119","35.4","38.444","39.927","44.017","46.88","48.095","49.929","51.15","53.03","54.9","50.928","24.976"
"IMF.RES:WEO(6.0.0)","LSO.NGDPD.A","OBS_VALUE","Lesotho, Kingdom of","Gross domestic product (GDP), Current prices, US dollar","Annual","1.032","0.977","1.027","0.949","0.937","0.922","0.774","0.856","1.256","1.598","1.73","1.72","1.759","1.652","1.937","2.356","2.571","2.465","2.345","2.477","2.202","2.206","2.424","2.472","2.323","2.092"
"IMF.RES:WEO(6.0.0)","MWI.NGDPD.A","OBS_VALUE","Malawi","Gross domestic product (GDP), Current prices, US dollar","Annual","3.412","5.569","6.504","4.275","4.336","4.257","4.178","4.922","4.521","4.895","5.148","5.63","6.24","7.492","8.723","9.796","11.241","8.421","7.648","8.526","9.014","7.733","8.943","9.882","11.031","11.847"
"IMF.RES:WEO(6.0.0)","MAC.NGDPD.A","OBS_VALUE","Macao Special Administrative Region, People's Republic of China","Gross domestic product (GDP), Current prices, US dollar","Annual","","","","","","","6.86","7.372","8.247","10.643","12.16","14.874","18.44","21.027","21.588","28.242","36.844","43.19","51.536","54.903","45.048","45.071","50.384","55.191","55.082","25.344"
"IMF.RES:WEO(6.0.0)","MDG.NGDPD.A","OBS_VALUE","Madagascar, Republic of","Gross domestic product (GDP), Current prices, US dollar","Annual","3.838","4.932","4.263","4.402","4.278","4.629","5.438","5.352","6.372","5.065","5.859","6.396","8.525","10.725","9.617","9.983","11.552","11.579","12.424","12.523","11.323","11.849","13.176","13.76","14.105","13.051"
"IMF.RES:WEO(6.0.0)","LUX.NGDPD.A","OBS_VALUE","Luxembourg","Gross domestic product (GDP), Current prices, US dollar","Annual","20.571","20.464","18.428","19.263","21.089","21.24","21.388","23.633","29.66","35.049","37.693","42.912","51.593","58.838","54.408","56.26","61.685","59.814","65.204","68.823","60.078","62.2","65.689","71.033","69.898","73.64"
"IMF.RES:WEO(6.0.0)","LTU.NGDPD.A","OBS_VALUE","Lithuania, Republic of","Gross domestic product (GDP), Current prices, US dollar","Annual","6.691","8.376","10.114","11.236","10.969","11.509","12.238","14.261","18.776","22.58","26.115","30.214","39.773","47.931","37.484","37.188","43.597","42.888","46.579","48.619","41.431","43.058","47.706","53.777","54.831","56.873"
"IMF.RES:WEO(6.0.0)","LBY.NGDPD.A","OBS_VALUE","Libya","Gross domestic product (GDP), Current prices, US dollar","Annual","33.739","36.827","37.702","30.921","37.129","39.498","35.206","21.128","27.026","34.054","48.852","60.094","68.211","86.804","60.767","75.381","48.17","92.542","75.355","57.384","48.718","49.913","67.153","76.682","69.237","46.893"
"IMF.RES:WEO(6.0.0)","MYS.NGDPD.A","OBS_VALUE","Malaysia","Gross domestic product (GDP), Current prices, US dollar","Annual","96.606","109.846","109.116","78.639","86.203","102.149","101.054","109.833","120.025","135.869","150.345","170.41","202.732","241.946","211.847","258.64","302.184","318.909","327.869","342.868","301.355","301.256","319.109","358.783","365.178","337.456"
"IMF.RES:WEO(6.0.0)","MLI.NGDPD.A","OBS_VALUE","Mali","Gross domestic product (GDP), Current prices, US dollar","Annual","3.337","3.416","3.208","3.328","3.444","2.963","3.468","3.905","4.713","5.452","6.251","6.906","8.157","9.871","10.249","10.698","12.993","12.45","13.243","14.369","13.106","14.022","15.36","17.079","17.281","17.643"
"IMF.RES:WEO(6.0.0)","MDV.NGDPD.A","OBS_VALUE","Maldives","Gross domestic product (GDP), Current prices, US dollar","Annual","0.466","0.527","0.652","0.693","0.756","0.801","0.767","0.828","1.052","1.227","1.163","1.575","1.868","2.272","2.345","2.588","2.629","2.885","3.286","3.69","4.118","4.398","4.809","5.398","5.716","3.706"
"IMF.RES:WEO(6.0.0)","MEX.NGDPD.A","OBS_VALUE","Mexico","Gross domestic product (GDP), Current prices, US dollar","Annual","380.182","432.158","523.45","557.485","631.24","742.061","796.055","810.666","765.55","819.459","917.572","1020.265","1102.356","1161.553","943.437","1105.424","1229.014","1255.11","1327.436","1364.508","1213.294","1112.233","1190.721","1256.3","1305.2","1120.832"
"IMF.RES:WEO(6.0.0)","MLT.NGDPD.A","OBS_VALUE","Malta","Gross domestic product (GDP), Current prices, US dollar","Annual","3.565","3.635","3.68","3.898","4.068","4.298","4.339","4.684","5.465","6.128","6.383","6.783","7.972","9.171","8.76","9.104","9.788","9.616","10.797","11.891","11.342","12.022","14.156","16.161","16.34","16.373"
"IMF.RES:WEO(6.0.0)","MRT.NGDPD.A","OBS_VALUE","Mauritania, Islamic Republic of","Gross domestic product (GDP), Current prices, US dollar","Annual","2.092","2.132","2.072","2.027","1.986","1.78","1.746","1.777","2.051","2.362","2.936","4.009","4.328","5.138","4.725","5.637","6.782","6.721","7.331","6.615","6.182","6.414","6.826","7.472","7.894","8.464"
"IMF.RES:WEO(6.0.0)","MHL.NGDPD.A","OBS_VALUE","Marshall Islands, Republic of the","Gross domestic product (GDP), Current prices, US dollar","Annual","","","0.11","0.112","0.113","0.115","0.123","0.132","0.131","0.133","0.138","0.143","0.15","0.147","0.151","0.161","0.172","0.181","0.186","0.186","0.184","0.202","0.214","0.22","0.233","0.242"
"IMF.RES:WEO(6.0.0)","MNG.NGDPD.A","OBS_VALUE","Mongolia","Gross domestic product (GDP), Current prices, US dollar","Annual","1.452","1.348","1.181","1.125","1.057","1.137","1.268","1.397","1.595","1.992","2.523","3.414","4.235","5.623","4.584","7.185","10.41","12.278","12.582","12.227","11.62","11.154","11.481","13.207","14.206","13.313"
"IMF.RES:WEO(6.0.0)","MNE.NGDPD.A","OBS_VALUE","Montenegro","Gross domestic product (GDP), Current prices, US dollar","Annual","","","","","","0.966","1.15","1.269","1.681","2.073","2.261","2.724","3.686","4.564","4.171","4.146","4.544","4.09","4.466","4.595","4.055","4.376","4.855","5.509","5.543","4.777"
"IMF.RES:WEO(6.0.0)","MUS.NGDPD.A","OBS_VALUE","Mauritius","Gross domestic product (GDP), Current prices, US dollar","Annual","4.439","4.59","4.31","4.354","4.597","4.935","4.882","5.123","6.155","6.962","6.867","7.123","8.26","10.125","9.252","10.138","11.673","11.826","12.293","13.074","12.007","12.594","13.714","14.736","14.436","11.408"
"IMF.RES:WEO(6.0.0)","FSM.NGDPD.A","OBS_VALUE","Micronesia, Federated States of","Gross domestic product (GDP), Current prices, US dollar","Annual","0.22","0.217","0.204","0.217","0.217","0.23","0.236","0.238","0.241","0.236","0.246","0.249","0.252","0.258","0.275","0.291","0.307","0.323","0.313","0.314","0.31","0.325","0.359","0.392","0.394","0.372"
"IMF.RES:WEO(6.0.0)","MAR.NGDPD.A","OBS_VALUE","Morocco","Gross domestic product (GDP), Current prices, US dollar","Annual","42.238","46.71","42.366","45.243","45.055","42.053","42.704","45.711","56.345","64.528","67.468","74.284","85.539","100.112","100.535","100.881","109.705","106.345","115.608","119.131","110.414","111.573","118.541","127.341","128.92","121.354"
"IMF.RES:WEO(6.0.0)","MMR.NGDPD.A","OBS_VALUE","Myanmar","Gross domestic product (GDP), Current prices, US dollar","Annual","","","","4.838","6.044","7.261","6.693","6.496","8.336","10.095","11.382","12.752","16.76","23.907","28.971","35.748","50.292","55.131","59.176","63.153","62.655","60.09","61.267","66.699","68.802","77.801"
"IMF.RES:WEO(6.0.0)","MOZ.NGDPD.A","OBS_VALUE","Mozambique, Republic of","Gross domestic product (GDP), Current prices, US dollar","Annual","3.062","4.03","4.874","5.551","6.285","5.931","5.65","5.951","6.584","7.937","8.868","9.51","10.811","12.92","12.264","11.412","14.619","16.688","17.198","17.978","16.209","12.069","13.265","15.017","15.513","14.235"
"IMF.RES:WEO(6.0.0)","MDA.NGDPD.A","OBS_VALUE","Moldova, Republic of","Gross domestic product (GDP), Current prices, US dollar","Annual","1.441","1.694","1.928","1.697","1.172","1.315","1.481","1.662","1.981","2.598","2.988","3.408","4.401","6.055","5.438","6.977","8.417","8.708","9.496","9.51","7.726","8.072","9.515","11.252","11.737","11.53"
"IMF.RES:WEO(6.0.0)","NLD.NGDPD.A","OBS_VALUE","Netherlands, The","Gross domestic product (GDP), Current prices, US dollar","Annual","453.377","451.508","418.023","439.215","448.223","417.834","432.539","475.194","582.29","660.925","688.514","737.633","853.6","957.797","878.0","853.161","912.98","846.225","883.964","901.789","775.822","796.944","847.934","930.155","929.006","931.814"
"IMF.RES:WEO(6.0.0)","NPL.NGDPD.A","OBS_VALUE","Nepal","Gross domestic product (GDP), Current prices, US dollar","Annual","5.379","5.544","6.027","5.992","6.164","6.537","6.719","6.816","7.218","8.297","9.331","10.316","11.777","14.31","14.663","18.253","21.685","21.703","22.162","22.722","24.361","24.524","28.972","33.112","34.186","33.434"
"IMF.RES:WEO(6.0.0)","NAM.NGDPD.A","OBS_VALUE","Namibia","Gross domestic product (GDP), Current prices, US dollar","Annual","3.948","3.954","4.11","3.832","3.824","3.941","3.577","3.396","4.974","6.673","7.324","7.711","8.73","8.496","8.915","11.281","12.423","13.016","12.168","12.434","11.45","10.719","12.883","13.676","12.539","10.583"
"IMF.RES:WEO(6.0.0)","NRU.NGDPD.A","OBS_VALUE","Nauru, Republic of","Gross domestic product (GDP), Current prices, US dollar","Annual","","","","","","","","","","0.031","0.03","0.029","0.023","0.037","0.044","0.048","0.066","0.101","0.094","0.099","0.085","0.097","0.109","0.131","0.125","0.125"
"IMF.RES:WEO(6.0.0)","NER.NGDPD.A","OBS_VALUE","Niger","Gross domestic product (GDP), Current prices, US dollar","Annual","2.296","2.397","2.285","2.639","2.532","2.235","2.442","2.772","3.382","3.746","4.372","4.743","5.716","7.279","7.324","7.838","8.754","9.412","10.206","10.83","9.684","10.35","11.181","12.814","12.917","13.764"
"IMF.RES:WEO(6.0.0)","NZL.NGDPD.A","OBS_VALUE","New Zealand","Gross domestic product (GDP), Current prices, US dollar","Annual","62.24","69.101","68.869","56.815","58.898","54.127","53.129","62.061","82.408","101.599","113.266","109.738","134.876","135.373","121.701","145.36","166.949","175.033","187.132","200.153","176.326","185.901","203.626","209.601","210.761","210.271"
"IMF.RES:WEO(6.0.0)","NIC.NGDPD.A","OBS_VALUE","Nicaragua","Gross domestic product (GDP), Current prices, US dollar","Annual","4.14","4.308","4.39","4.635","4.856","5.109","5.335","5.224","5.322","5.793","6.321","6.764","7.423","8.497","8.297","8.759","9.774","10.532","10.983","11.88","12.757","13.286","13.786","13.025","12.713","12.682"
"IMF.RES:WEO(6.0.0)","OMN.NGDPD.A","OBS_VALUE","Oman","Gross domestic product (GDP), Current prices, US dollar","Annual","15.821","17.512","18.154","16.044","17.833","22.259","22.206","23.066","24.734","28.379","35.507","42.578","48.3","69.805","55.454","64.994","77.497","87.409","89.936","92.699","78.711","75.129","80.857","91.506","88.061","75.909"
"IMF.RES:WEO(6.0.0)","MKD.NGDPD.A","OBS_VALUE","North Macedonia, Republic of","Gross domestic product (GDP), Current prices, US dollar","Annual","4.687","4.643","3.928","3.764","3.867","3.774","3.709","3.991","4.946","5.684","6.257","6.86","8.337","9.912","9.4","9.415","10.499","9.751","10.824","11.378","10.067","10.686","11.336","12.694","12.609","12.385"
"IMF.RES:WEO(6.0.0)","NOR.NGDPD.A","OBS_VALUE","Norway","Gross domestic product (GDP), Current prices, US dollar","Annual","152.031","163.52","161.357","154.23","162.384","171.456","174.24","195.915","229.385","265.267","309.979","346.914","402.646","464.915","387.974","431.052","501.361","512.777","526.014","501.737","388.16","370.957","401.745","439.788","408.743","367.633"
"IMF.RES:WEO(6.0.0)","NGA.NGDPD.A","OBS_VALUE","Nigeria","Gross domestic product (GDP), Current prices, US dollar","Annual","132.23","172.686","187.866","209.677","57.477","67.824","73.128","93.983","102.935","130.345","169.645","222.791","262.215","330.26","297.458","369.062","414.095","460.952","514.966","568.499","492.437","404.649","375.745","421.737","474.498","432.716"
"IMF.RES:WEO(6.0.0)","PAN.NGDPD.A","OBS_VALUE","Panama","Gross domestic product (GDP), Current prices, US dollar","Annual","8.825","10.406","11.245","12.191","12.775","12.958","13.166","13.685","14.422","15.811","17.244","19.109","22.072","26.072","28.104","30.513","35.95","41.902","47.261","51.74","56.062","60.017","64.468","67.294","69.722","57.087"
"IMF.RES:WEO(6.0.0)","PAK.NGDPD.A","OBS_VALUE","Pakistan","Gross domestic product (GDP), Current prices, US dollar","Annual","98.917","103.296","101.848","101.381","96.008","99.421","96.784","98.169","112.507","132.206","145.209","161.871","184.141","202.204","187.074","196.712","230.577","250.094","258.674","271.422","299.93","313.623","339.229","356.163","321.071","300.41"
"IMF.RES:WEO(6.0.0)","PLW.NGDPD.A","OBS_VALUE","Palau, Republic of","Gross domestic product (GDP), Current prices, US dollar","Annual","","","","","","0.15","0.159","0.163","0.155","0.166","0.186","0.191","0.196","0.199","0.184","0.184","0.195","0.215","0.226","0.245","0.283","0.303","0.29","0.288","0.282","0.259"
"IMF.RES:WEO(6.0.0)","POL.NGDPD.A","OBS_VALUE","Poland, Republic of","Gross domestic product (GDP), Current prices, US dollar","Annual","139.363","156.993","157.493","172.389","168.13","171.613","190.805","199.07","217.829","255.292","306.304","344.627","429.021","533.6","439.794","475.697","524.374","495.23","515.762","539.212","476.788","469.65","524.78","588.804","595.968","599.458"
"IMF.RES:WEO(6.0.0)","PHL.NGDPD.A","OBS_VALUE","Philippines","Gross domestic product (GDP), Current prices, US dollar","Annual","84.644","94.65","94.106","74.492","85.64","83.667","78.921","84.307","87.039","95.002","107.42","127.653","155.98","181.007","176.132","208.369","234.217","261.92","283.903","297.484","306.446","318.627","328.481","346.842","376.823","361.751"
"IMF.RES:WEO(6.0.0)","PNG.NGDPD.A","OBS_VALUE","Papua New Guinea","Gross domestic product (GDP), Current prices, US dollar","Annual","7.149","7.608","7.272","5.558","5.072","5.169","4.531","4.387","5.488","6.279","7.339","8.355","9.545","11.671","11.619","14.251","17.985","21.295","21.261","23.211","21.723","20.759","22.743","24.11","24.751","23.848"
"IMF.RES:WEO(6.0.0)","PRT.NGDPD.A","OBS_VALUE","Portugal","Gross domestic product (GDP), Current prices, US dollar","Annual","118.182","122.655","117.211","124.124","127.597","118.658","121.605","134.7","165.185","189.296","197.363","208.767","240.524","263.388","244.402","238.308","245.075","216.361","226.437","229.961","199.414","206.369","221.28","242.423","240.013","228.849"
"IMF.RES:WEO(6.0.0)","PER.NGDPD.A","OBS_VALUE","Peru","Gross domestic product (GDP), Current prices, US dollar","Annual","51.38","53.412","56.281","53.918","48.719","50.414","51.034","53.954","58.537","66.126","74.232","87.459","102.187","121.308","121.892","149.23","171.369","193.276","203.042","203.785","192.85","196.348","216.578","227.583","233.004","206.461"
"IMF.RES:WEO(6.0.0)","PRY.NGDPD.A","OBS_VALUE","Paraguay","Gross domestic product (GDP), Current prices, US dollar","Annual","9.062","9.788","9.965","9.26","8.837","8.856","8.496","7.196","7.691","9.624","10.738","13.43","17.856","24.615","22.355","27.129","33.737","33.296","38.651","40.378","36.211","36.09","38.997","40.225","37.925","35.432"
"IMF.RES:WEO(6.0.0)","RUS.NGDPD.A","OBS_VALUE","Russian Federation","Gross domestic product (GDP), Current prices, US dollar","Annual","335.777","412.685","433.704","287.672","209.657","278.264","328.475","370.062","461.518","633.294","817.717","1060.901","1393.416","1779.109","1307.927","1633.111","2046.621","2191.486","2288.428","2048.837","1356.703","1280.648","1575.14","1653.005","1695.724","1488.118"
"IMF.RES:WEO(6.0.0)","QAT.NGDPD.A","OBS_VALUE","Qatar","Gross domestic product (GDP), Current prices, US dollar","Annual","6.861","7.761","9.976","8.488","11.266","18.085","17.498","19.334","23.716","30.651","44.636","58.629","75.987","112.621","88.196","119.707","167.775","186.834","198.728","206.225","161.74","151.732","161.099","183.335","176.371","144.411"
"IMF.RES:WEO(6.0.0)","PRI.NGDPD.A","OBS_VALUE","Puerto Rico","Gross domestic product (GDP), Current prices, US dollar","Annual","42.647","45.341","48.187","54.086","57.841","61.702","69.669","72.546","75.834","80.322","83.915","87.276","89.524","93.639","96.386","98.381","100.352","101.565","102.45","102.446","103.376","104.337","103.446","100.958","105.126","103.131"
"IMF.RES:WEO(6.0.0)","ROU.NGDPD.A","OBS_VALUE","Romania","Gross domestic product (GDP), Current prices, US dollar","Annual","35.838","35.692","35.644","42.543","35.953","37.447","40.396","46.035","57.79","75.059","98.547","122.114","174.831","215.568","174.564","170.294","192.835","179.243","189.83","199.981","177.877","185.334","210.529","243.498","250.993","251.699"
"IMF.RES:WEO(6.0.0)","WSM.NGDPD.A","OBS_VALUE","Samoa","Gross domestic product (GDP), Current prices, US dollar","Annual","0.242","0.258","0.28","0.286","0.262","0.271","0.273","0.289","0.342","0.418","0.486","0.516","0.568","0.684","0.618","0.68","0.744","0.773","0.798","0.797","0.824","0.844","0.885","0.878","0.913","0.869"
"IMF.RES:WEO(6.0.0)","RWA.NGDPD.A","OBS_VALUE","Rwanda","Gross domestic product (GDP), Current prices, US dollar","Annual","1.47","1.593","2.144","2.29","2.131","2.049","1.967","1.963","2.139","2.388","2.945","3.318","4.069","5.183","5.675","6.126","6.885","7.654","7.821","8.24","8.546","8.695","9.253","9.638","10.349","10.174"
"IMF.RES:WEO(6.0.0)","SEN.NGDPD.A","OBS_VALUE","Senegal","Gross domestic product (GDP), Current prices, US dollar","Annual","6.026","6.3","5.867","6.416","6.599","6.016","6.508","7.001","8.767","10.072","11.015","11.699","13.996","16.852","16.128","16.134","17.811","17.672","18.919","19.802","17.777","19.035","20.989","23.127","23.405","24.534"
"IMF.RES:WEO(6.0.0)","SRB.NGDPD.A","OBS_VALUE","Serbia, Republic of","Gross domestic product (GDP), Current prices, US dollar","Annual","","","","","","9.79","13.009","17.185","22.515","26.017","27.496","32.602","43.395","52.094","45.156","41.369","49.28","43.316","48.394","47.062","39.656","40.693","44.179","50.641","51.514","53.356"
"IMF.RES:WEO(6.0.0)","STP.NGDPD.A","OBS_VALUE","São Tomé and Príncipe, Democratic Republic of","Gross domestic product (GDP), Current prices, US dollar","Annual","0.104","0.136","0.093","0.073","0.078","0.077","0.072","0.08","0.096","0.104","0.125","0.133","0.145","0.188","0.201","0.191","0.228","0.231","0.269","0.295","0.262","0.294","0.325","0.387","0.416","0.476"
"IMF.RES:WEO(6.0.0)","SYC.NGDPD.A","OBS_VALUE","Seychelles","Gross domestic product (GDP), Current prices, US dollar","Annual","0.508","0.503","0.563","0.608","0.623","0.615","0.622","0.698","0.706","0.839","0.919","1.016","1.034","0.998","0.847","0.97","1.018","1.06","1.328","1.388","1.432","1.568","1.675","1.777","1.867","1.384"
"IMF.RES:WEO(6.0.0)","SAU.NGDPD.A","OBS_VALUE","Saudi Arabia","Gross domestic product (GDP), Current prices, US dollar","Annual","143.152","158.451","165.742","146.776","161.717","189.515","184.138","189.606","215.808","258.742","328.205","376.398","415.687","519.797","429.098","528.207","676.635","741.85","753.864","766.606","669.485","666.0","714.994","846.584","838.565","734.271"
"IMF.RES:WEO(6.0.0)","SMR.NGDPD.A","OBS_VALUE","San Marino, Republic of","Gross domestic product (GDP), Current prices, US dollar","Annual","","","","","","1.008","1.06","1.148","1.462","1.714","1.788","1.91","2.189","2.403","2.062","1.883","1.813","1.606","1.678","1.674","1.42","1.468","1.528","1.656","1.616","1.543"
"IMF.RES:WEO(6.0.0)","SGP.NGDPD.A","OBS_VALUE","Singapore","Gross domestic product (GDP), Current prices, US dollar","Annual","87.813","96.293","100.124","85.728","86.287","96.077","89.794","92.538","97.646","115.034","127.808","148.627","180.942","193.617","194.15","239.808","279.357","295.093","307.576","314.864","307.999","319.054","343.257","376.893","376.902","349.488"
"IMF.RES:WEO(6.0.0)","SLE.NGDPD.A","OBS_VALUE","Sierra Leone","Gross domestic product (GDP), Current prices, US dollar","Annual","2.026","2.188","1.974","1.562","1.555","1.498","1.726","1.99","2.218","2.339","2.672","3.144","3.451","3.926","3.795","4.174","4.799","5.746","6.736","6.521","6.75","6.023","5.812","6.39","6.519","6.682"
"IMF.RES:WEO(6.0.0)","SVK.NGDPD.A","OBS_VALUE","Slovak Republic","Gross domestic product (GDP), Current prices, US dollar","Annual","20.034","21.659","21.927","22.825","20.867","20.73","21.421","24.888","34.085","43.19","49.116","57.492","77.239","97.17","89.302","91.237","99.905","94.684","98.937","101.463","88.91","89.928","95.616","106.186","105.723","106.652"
"IMF.RES:WEO(6.0.0)","SVN.NGDPD.A","OBS_VALUE","Slovenia, Republic of","Gross domestic product (GDP), Current prices, US dollar","Annual","21.399","21.48","20.769","22.08","22.668","20.262","20.693","23.263","29.399","34.19","36.002","39.293","47.886","55.503","49.921","47.832","51.19","46.196","47.868","49.527","42.714","44.279","48.136","53.713","53.916","53.342"
"IMF.RES:WEO(6.0.0)","SSD.NGDPD.A","OBS_VALUE","South Sudan, Republic of","Gross domestic product (GDP), Current prices, US dollar","Annual","","","","","","","","","","","","","","","","","17.34","11.267","14.947","15.178","15.326","2.899","1.804","3.118","4.044","5.423"
"IMF.RES:WEO(6.0.0)","SLB.NGDPD.A","OBS_VALUE","Solomon Islands","Gross domestic product (GDP), Current prices, US dollar","Annual","0.469","0.511","0.527","0.458","0.488","0.42","0.41","0.346","0.353","0.398","0.477","0.539","0.62","0.699","0.736","0.847","1.05","1.185","1.286","1.336","1.308","1.379","1.47","1.615","1.619","1.536"
"IMF.RES:WEO(6.0.0)","ZAF.NGDPD.A","OBS_VALUE","South Africa","Gross domestic product (GDP), Current prices, US dollar","Annual","171.736","163.34","169.004","152.885","151.426","151.855","135.527","129.385","197.017","256.188","288.749","304.055","332.65","316.491","331.184","417.315","458.708","434.4","400.877","381.195","346.663","323.493","381.317","405.093","389.245","337.876"
"IMF.RES:WEO(6.0.0)","SOM.NGDPD.A","OBS_VALUE","Somalia","Gross domestic product (GDP), Current prices, US dollar","Annual","","","","","","","","","","","","","","","","","5.022","5.183","5.869","6.443","6.841","7.391","8.252","7.873","8.655","8.628"
"IMF.RES:WEO(6.0.0)","ESP.NGDPD.A","OBS_VALUE","Spain","Gross domestic product (GDP), Current prices, US dollar","Annual","614.713","642.48","590.5","619.541","635.025","598.367","627.803","708.437","907.736","1069.344","1155.306","1261.914","1476.92","1635.936","1494.963","1429.155","1487.307","1331.838","1362.207","1380.6","1206.287","1242.673","1321.288","1432.292","1403.651","1288.751"
"IMF.RES:WEO(6.0.0)","KNA.NGDPD.A","OBS_VALUE","St. Kitts and Nevis","Gross domestic product (GDP), Current prices, US dollar","Annual","0.293","0.312","0.351","0.366","0.389","0.421","0.458","0.481","0.469","0.507","0.547","0.644","0.689","0.778","0.774","0.779","0.836","0.825","0.875","0.953","0.957","1.007","1.058","1.076","1.107","0.884"
"IMF.RES:WEO(6.0.0)","SDN.NGDPD.A","OBS_VALUE","Sudan","Gross domestic product (GDP), Current prices, US dollar","Annual","6.694","8.377","10.241","10.924","10.714","13.134","15.716","18.137","21.355","26.646","35.183","45.264","59.44","64.833","54.812","65.716","66.448","48.948","52.892","60.726","64.534","64.888","48.906","33.59","31.484","35.241"
"IMF.RES:WEO(6.0.0)","CHE.NGDPD.A","OBS_VALUE","Switzerland","Gross domestic product (GDP), Current prices, US dollar","Annual","353.058","340.259","294.858","303.265","297.579","279.285","286.773","309.594","362.17","403.446","418.222","441.862","491.066","566.968","553.913","598.333","715.799","686.546","706.776","726.692","693.845","687.721","695.505","725.9","721.89","741.311"
"IMF.RES:WEO(6.0.0)","VCT.NGDPD.A","OBS_VALUE","St. Vincent and the Grenadines","Gross domestic product (GDP), Current prices, US dollar","Annual","0.341","0.358","0.376","0.403","0.422","0.428","0.462","0.488","0.509","0.55","0.58","0.644","0.714","0.733","0.714","0.72","0.714","0.73","0.765","0.771","0.787","0.814","0.844","0.884","0.91","0.865"
"IMF.RES:WEO(6.0.0)","LCA.NGDPD.A","OBS_VALUE","St. Lucia","Gross domestic product (GDP), Current prices, US dollar","Annual","0.762","0.788","0.805","0.877","0.921","0.932","0.892","0.899","0.987","1.066","1.135","1.268","1.331","1.427","1.4","1.483","1.569","1.598","1.66","1.749","1.808","1.869","1.999","2.061","2.095","1.499"
"IMF.RES:WEO(6.0.0)","TZA.NGDPD.A","OBS_VALUE","Tanzania, United Republic of","Gross domestic product (GDP), Current prices, US dollar","Annual","6.382","7.889","9.341","11.481","11.777","12.369","12.61","13.123","14.159","15.576","17.174","18.878","21.81","27.779","29.301","31.86","34.369","39.65","45.677","49.982","47.424","49.774","54.0","54.775","58.797","63.373"
"IMF.RES:WEO(6.0.0)","LKA.NGDPD.A","OBS_VALUE","Sri Lanka","Gross domestic product (GDP), Current prices, US dollar","Annual","15.127","16.592","18.544","19.05","19.143","20.007","19.236","20.238","22.352","24.423","28.88","33.447","38.27","48.177","49.75","58.643","67.725","70.392","76.934","82.483","85.091","88.0","94.376","94.484","89.015","84.304"
"IMF.RES:WEO(6.0.0)","SUR.NGDPD.A","OBS_VALUE","Suriname","Gross domestic product (GDP), Current prices, US dollar","Annual","0.993","1.234","1.322","1.588","1.308","1.355","1.167","1.474","1.729","2.0","2.393","2.812","3.144","3.783","4.15","4.677","4.735","5.332","5.51","5.612","5.126","3.317","3.592","3.996","4.016","2.912"
"IMF.RES:WEO(6.0.0)","SWE.NGDPD.A","OBS_VALUE","Sweden","Gross domestic product (GDP), Current prices, US dollar","Annual","267.054","291.954","268.252","270.891","274.319","262.904","242.498","267.373","334.074","384.548","391.691","422.528","490.052","514.617","434.313","492.753","570.541","549.742","584.128","577.73","501.698","514.218","536.084","551.312","532.169","545.148"
"IMF.RES:WEO(6.0.0)","TJK.NGDPD.A","OBS_VALUE","Tajikistan, Republic of","Gross domestic product (GDP), Current prices, US dollar","Annual","0.569","1.052","1.121","1.32","1.087","0.991","1.057","1.212","1.555","2.073","2.311","2.811","3.712","5.135","4.977","5.642","6.523","7.592","8.506","9.242","7.857","6.994","7.535","7.762","8.301","8.134"
"IMF.RES:WEO(6.0.0)","TLS.NGDPD.A","OBS_VALUE","Timor-Leste, Democratic Republic of","Gross domestic product (GDP), Current prices, US dollar","Annual","","","","","","0.367","0.477","0.47","0.49","0.441","0.462","0.454","0.543","0.648","0.727","0.882","1.042","1.16","1.396","1.447","1.594","1.651","1.616","1.584","2.048","2.163"
"IMF.RES:WEO(6.0.0)","TWN.NGDPD.A","OBS_VALUE","Taiwan Province of China","Gross domestic product (GDP), Current prices, US dollar","Annual","279.059","292.494","303.284","279.964","303.83","330.68","299.276","307.439","317.381","346.924","374.06","386.45","406.907","415.901","390.829","444.281","483.974","495.61","512.943","535.328","534.515","543.081","590.733","609.198","611.396","673.178"
"IMF.RES:WEO(6.0.0)","TON.NGDPD.A","OBS_VALUE","Tonga","Gross domestic product (GDP), Current prices, US dollar","Annual","0.207","0.218","0.222","0.212","0.199","0.205","0.181","0.183","0.202","0.231","0.262","0.292","0.299","0.344","0.312","0.367","0.415","0.427","0.407","0.403","0.397","0.382","0.416","0.435","0.445","0.445"
"IMF.RES:WEO(6.0.0)","TUR.NGDPD.A","OBS_VALUE","Türkiye, Republic of","Gross domestic product (GDP), Current prices, US dollar","Annual","233.566","250.486","261.857","277.599","254.024","273.118","202.558","238.15","316.54","407.024","504.8","552.332","682.992","782.851","651.513","777.443","837.924","877.681","958.087","939.924","867.054","869.204","859.02","797.707","760.388","717.114"
"IMF.RES:WEO(6.0.0)","TTO.NGDPD.A","OBS_VALUE","Trinidad and Tobago","Gross domestic product (GDP), Current prices, US dollar","Annual","5.421","5.859","5.837","6.148","6.926","8.295","8.96","9.148","11.464","13.472","16.17","18.6","21.937","28.193","19.52","22.522","25.789","27.335","28.71","29.698","27.027","23.723","24.04","24.569","23.776","20.808"
"IMF.RES:WEO(6.0.0)","TGO.NGDPD.A","OBS_VALUE","Togo","Gross domestic product (GDP), Current prices, US dollar","Annual","2.24","2.448","2.494","2.361","2.37","2.014","2.0","2.301","2.854","3.048","3.08","3.173","3.76","4.578","4.717","4.75","5.421","5.417","6.022","6.395","5.756","6.069","6.385","7.033","6.993","7.4"
"IMF.RES:WEO(6.0.0)","THA.NGDPD.A","OBS_VALUE","Thailand","Gross domestic product (GDP), Current prices, US dollar","Annual","169.279","183.035","150.18","113.676","126.669","126.392","120.296","134.301","152.281","172.896","189.264","221.731","262.94","291.299","281.716","341.166","370.877","397.579","420.329","407.35","401.183","413.479","456.336","506.553","543.879","500.501"
"IMF.RES:WEO(6.0.0)","TUN.NGDPD.A","OBS_VALUE","Tunisia","Gross domestic product (GDP), Current prices, US dollar","Annual","20.616","22.324","21.762","22.87","24.066","22.524","23.146","24.274","28.797","32.71","33.851","36.059","40.819","47.039","45.593","46.21","48.122","47.311","48.681","50.273","45.779","44.36","42.167","42.687","41.905","42.494"
"IMF.RES:WEO(6.0.0)","TKM.NGDPD.A","OBS_VALUE","Turkmenistan","Gross domestic product (GDP), Current prices, US dollar","Annual","10.043","4.068","4.584","4.893","6.595","8.587","11.855","14.875","19.533","24.272","29.363","36.577","44.388","36.788","34.562","35.164","44.413","50.252","50.863","56.204","44.944","42.876","45.902","49.299","53.035","52.385"
"IMF.RES:WEO(6.0.0)","GBR.NGDPD.A","OBS_VALUE","United Kingdom","Gross domestic product (GDP), Current prices, US dollar","Annual","1344.504","1421.099","1561.239","1653.852","1688.248","1668.69","1650.252","1788.549","2056.294","2422.619","2546.038","2712.257","3091.695","2960.39","2421.476","2487.924","2664.719","2707.571","2786.665","3066.304","2928.558","2699.086","2682.384","2875.024","2853.074","2698.705"
"IMF.RES:WEO(6.0.0)","UKR.NGDPD.A","OBS_VALUE","Ukraine","Gross domestic product (GDP), Current prices, US dollar","Annual","38.275","46.083","51.867","43.315","32.661","32.331","37.863","42.339","50.096","64.747","85.996","107.767","143.26","181.313","117.079","136.011","163.059","175.781","183.31","133.392","90.922","93.349","112.064","130.959","154.14","156.579"
"IMF.RES:WEO(6.0.0)","ARE.NGDPD.A","OBS_VALUE","United Arab Emirates","Gross domestic product (GDP), Current prices, US dollar","Annual","63.432","72.853","77.167","75.304","84.42","102.987","103.312","109.816","124.346","147.812","180.616","222.117","257.883","315.464","253.547","300.189","360.833","384.61","400.219","414.105","370.276","369.255","390.517","427.049","417.99","349.473"
"IMF.RES:WEO(6.0.0)","USA.NGDPD.A","OBS_VALUE","United States","Gross domestic product (GDP), Current prices, US dollar","Annual","7639.75","8073.125","8577.55","9062.825","9631.175","10250.95","10581.925","10929.1","11456.45","12217.175","13039.2","13815.6","14474.25","14769.85","14478.05","15048.975","15599.725","16253.95","16880.675","17608.125","18295.0","18804.9","19612.1","20656.525","21539.975","21354.125"
"IMF.RES:WEO(6.0.0)","UGA.NGDPD.A","OBS_VALUE","Uganda","Gross domestic product (GDP), Current prices, US dollar","Annual","7.473","7.713","8.407","8.23","7.823","7.756","7.835","8.425","8.725","10.75","12.46","14.079","17.512","22.419","24.107","24.683","27.501","30.939","32.331","34.754","30.122","30.232","31.589","34.127","37.893","37.897"
"IMF.RES:WEO(6.0.0)","TUV.NGDPD.A","OBS_VALUE","Tuvalu","Gross domestic product (GDP), Current prices, US dollar","Annual","","","","","","0.015","0.014","0.017","0.02","0.023","0.023","0.024","0.029","0.032","0.028","0.033","0.04","0.039","0.039","0.039","0.037","0.041","0.045","0.048","0.054","0.053"
"IMF.RES:WEO(6.0.0)","VUT.NGDPD.A","OBS_VALUE","Vanuatu","Gross domestic product (GDP), Current prices, US dollar","Annual","0.249","0.261","0.273","0.262","0.268","0.272","0.257","0.262","0.315","0.365","0.39","0.435","0.517","0.582","0.59","0.652","0.738","0.736","0.755","0.774","0.744","0.775","0.88","0.929","0.93","1.008"
"IMF.RES:WEO(6.0.0)","UZB.NGDPD.A","OBS_VALUE","Uzbekistan, Republic of","Gross domestic product (GDP), Current prices, US dollar","Annual","12.746","17.453","18.433","18.738","21.362","17.195","14.581","12.106","12.697","15.045","17.939","21.344","27.963","35.858","41.945","49.772","60.213","67.52","73.192","80.848","85.662","85.658","69.703","58.696","67.294","66.443"
"IMF.RES:WEO(6.0.0)","URY.NGDPD.A","OBS_VALUE","Uruguay","Gross domestic product (GDP), Current prices, US dollar","Annual","23.267","24.73","26.155","27.704","26.178","24.892","22.802","14.863","13.159","14.959","18.986","21.416","25.603","33.151","34.565","43.967","52.354","55.938","62.857","62.546","58.218","57.58","65.068","65.37","62.23","53.666"
"IMF.RES:WEO(6.0.0)","YEM.NGDPD.A","OBS_VALUE","Yemen, Republic of","Gross domestic product (GDP), Current prices, US dollar","Annual","12.796","6.496","6.838","6.322","7.639","9.679","9.853","10.693","11.778","13.868","16.732","19.063","21.651","26.911","25.13","30.907","32.726","35.401","40.415","43.229","42.444","31.318","26.842","21.606","21.888","20.22"
"IMF.RES:WEO(6.0.0)","VEN.NGDPD.A","OBS_VALUE","Venezuela, República Bolivariana de","Gross domestic product (GDP), Current prices, US dollar","Annual","77.427","70.536","85.684","91.836","97.517","117.596","123.119","95.258","83.684","112.254","143.375","178.521","232.857","306.764","268.624","318.281","316.482","372.592","258.931","214.69","125.449","112.915","115.883","102.021","73.003","43.788"
"IMF.RES:WEO(6.0.0)","VNM.NGDPD.A","OBS_VALUE","Vietnam","Gross domestic product (GDP), Current prices, US dollar","Annual","26.407","31.352","34.146","34.58","36.444","39.585","41.297","44.563","50.233","62.877","73.197","84.301","98.426","124.756","129.022","143.212","171.312","195.169","212.728","232.888","236.795","252.146","277.071","304.47","331.818","346.31"
"IMF.RES:WEO(6.0.0)","WBG.NGDPD.A","OBS_VALUE","West Bank and Gaza","Gross domestic product (GDP), Current prices, US dollar","Annual","3.283","3.41","3.76","4.068","4.271","4.314","4.004","3.556","3.968","4.603","5.126","5.348","5.816","7.31","8.086","9.682","11.186","12.208","13.516","13.99","13.972","15.405","16.128","16.277","17.134","15.532"
"IMF.RES:WEO(6.0.0)","ZMB.NGDPD.A","OBS_VALUE","Zambia","Gross domestic product (GDP), Current prices, US dollar","Annual","3.799","3.599","4.303","3.538","3.405","3.601","3.87","4.194","4.902","6.221","8.329","12.762","14.06","17.914","15.332","20.264","23.455","25.502","28.042","27.145","21.245","20.965","25.874","26.312","23.309","18.138"
"IMF.RES:WEO(6.0.0)","ZWE.NGDPD.A","OBS_VALUE","Zimbabwe","Gross domestic product (GDP), Current prices, US dollar","Annual","8.263","10.117","10.386","12.099","11.768","11.34","11.243","10.734","9.573","9.465","9.045","8.141","7.784","6.707","9.666","12.042","14.102","17.115","19.091","19.496","19.963","20.549","22.04","36.922","26.033","26.878"
