"Variables ->","EA_pic4","RA_by","RA_pic4","RA_tby","AT_by","AT_pic4","AT_tby","BE_by","BE_pic4","BE_tby","ES_by","ES_pic4","ES_tby","FI_by","FI_pic4","FI_tby","FR_by","FR_pic4","FR_tby","GR_by","GR_pic4","GR_tby","IT_by","IT_pic4","IT_tby","NL_by","NL_pic4","NL_tby","PT_by","PT_pic4","PT_tby","DE_by","DE_pic4","DE_tby","RU_by","RU_pic4","RU_tby","RW_by","RW_pic4","RW_tby","US_by","US_pic4","US_tby","RA_r","RA_rr","AT_r","AT_rr","BE_r","BE_rr","ES_r","ES_rr","FI_r","FI_rr","FR_r","FR_rr","GR_r","GR_rr","IT_r","IT_rr","NL_r","NL_rr","PT_r","PT_rr","DE_r","DE_rr","RU_r","RU_rr","RW_r","RW_rr","US_r","US_rr","EA_y","RA_c","RA_ci","RA_cj","RA_cg","RA_i","RA_ig","RA_nd","RA_reer","RA_tot","RA_w","RA_y","RA_ysn","RA_yst","AT_c","AT_ci","AT_cj","AT_cg","AT_i","AT_ig","AT_nd","AT_reer","AT_tot","AT_w","AT_y","AT_ysn","AT_yst","BE_c","BE_ci","BE_cj","BE_cg","BE_i","BE_ig","BE_nd","BE_reer","BE_tot","BE_w","BE_y","BE_ysn","BE_yst","ES_c","ES_ci","ES_cj","ES_cg","ES_i","ES_ig","ES_nd","ES_reer","ES_tot","ES_w","ES_y","ES_ysn","ES_yst","FI_c","FI_ci","FI_cj","FI_cg","FI_i","FI_ig","FI_nd","FI_reer","FI_tot","FI_w","FI_y","FI_ysn","FI_yst","FR_c","FR_ci","FR_cj","FR_cg","FR_i","FR_ig","FR_nd","FR_reer","FR_tot","FR_w","FR_y","FR_ysn","FR_yst","GR_c","GR_ci","GR_cj","GR_cg","GR_i","GR_ig","GR_nd","GR_reer","GR_tot","GR_w","GR_y","GR_ysn","GR_yst","IT_c","IT_ci","IT_cj","IT_cg","IT_i","IT_ig","IT_nd","IT_reer","IT_tot","IT_w","IT_y","IT_ysn","IT_yst","NL_c","NL_ci","NL_cj","NL_cg","NL_i","NL_ig","NL_nd","NL_reer","NL_tot","NL_w","NL_y","NL_ysn","NL_yst","PT_c","PT_ci","PT_cj","PT_cg","PT_i","PT_ig","PT_nd","PT_reer","PT_tot","PT_w","PT_y","PT_ysn","PT_yst","DE_c","DE_ci","DE_cj","DE_cg","DE_i","DE_ig","DE_nd","DE_reer","DE_tot","DE_w","DE_y","DE_ysn","DE_yst","RU_c","RU_ci","RU_cj","RU_cg","RU_i","RU_ig","RU_nd","RU_reer","RU_tot","RU_w","RU_y","RU_ysn","RU_yst","RW_c","RW_ci","RW_cj","RW_cg","RW_i","RW_ig","RW_nd","RW_reer","RW_tot","RW_w","RW_y","RW_ysn","RW_yst","US_c","US_ci","US_cj","US_cg","US_i","US_ig","US_nd","US_reer","US_w","US_y","US_ysn","US_yst"
"1Q1",0.029,-0.000,0.060,0.505,0.000,0.022,0.183,-0.000,0.035,0.263,-0.000,0.028,0.156,0.000,0.025,0.197,0.000,0.030,0.149,0.000,0.043,0.186,0.000,0.025,0.155,0.000,0.033,0.258,-0.000,0.034,0.157,0.000,0.023,0.186,-0.000,0.030,0.210,0.000,0.101,-0.043,-0.000,0.106,-0.014,0.028,-0.221,0.028,-0.088,0.028,-0.136,0.028,-0.124,0.028,-0.100,0.028,-0.130,0.028,-0.202,0.028,-0.108,0.028,-0.127,0.028,-0.154,0.028,-0.091,0.029,-0.117,0.126,-0.371,0.137,-0.368,0.228,-0.386,-0.579,0.121,0.034,-0.380,0.035,0.732,0.106,0.409,-0.068,0.544,-0.244,0.638,-0.085,-0.120,0.028,0.008,-0.130,0.008,0.198,0.083,0.437,-0.015,0.168,-0.074,0.250,-0.130,-0.188,0.038,0.017,-0.185,0.016,0.316,0.091,0.428,-0.027,0.253,-0.105,0.367,0.037,0.026,0.091,0.005,0.041,0.004,0.308,0.111,0.408,0.019,0.225,0.037,0.295,-0.061,-0.089,0.045,0.008,-0.102,0.007,0.275,0.125,0.426,-0.005,0.207,-0.049,0.292,0.055,0.052,0.067,0.006,0.063,0.006,0.327,0.122,0.405,0.021,0.226,0.051,0.290,0.184,0.188,0.157,0.004,0.194,0.003,0.691,0.117,0.356,0.067,0.351,0.163,0.427,0.004,-0.007,0.054,0.005,0.001,0.005,0.305,0.125,0.414,0.013,0.196,0.008,0.267,-0.191,-0.257,0.043,0.017,-0.264,0.016,0.341,0.116,0.431,-0.033,0.224,-0.146,0.330,0.122,0.120,0.130,0.005,0.126,0.005,0.418,0.077,0.389,0.039,0.277,0.111,0.343,-0.072,-0.105,0.037,0.008,-0.106,0.007,0.251,0.137,0.430,-0.009,0.186,-0.060,0.270,-0.063,-0.091,0.062,0.010,-0.093,0.010,0.329,0.160,0.466,-0.004,0.235,-0.045,0.332,2.119,2.334,0.916,-0.001,-0.177,-0.000,1.472,-0.068,0.175,-0.127,1.089,1.648,0.626,1.945,2.126,0.924,-0.003,-0.146,-0.002,1.871,-0.225,-0.128,1.191,1.577,0.884
"1Q2",0.066,-0.239,0.123,0.713,-0.061,0.052,0.247,-0.168,0.077,0.358,-0.143,0.067,0.203,-0.095,0.058,0.266,-0.180,0.070,0.191,-0.415,0.101,0.232,-0.173,0.060,0.201,-0.065,0.073,0.362,-0.236,0.080,0.196,-0.076,0.053,0.250,-0.118,0.067,0.289,-1.122,0.227,-0.066,-1.155,0.234,-0.016,0.044,-0.191,0.044,-0.082,0.044,-0.124,0.044,-0.122,0.044,-0.094,0.044,-0.127,0.044,-0.203,0.044,-0.104,0.044,-0.113,0.044,-0.154,0.044,-0.084,0.045,-0.106,0.176,-0.266,0.172,-0.257,0.280,-0.670,-0.991,0.176,0.066,-0.769,0.067,0.856,0.108,0.447,-0.100,0.633,-0.453,0.761,-0.141,-0.197,0.038,0.018,-0.257,0.018,0.233,0.109,0.506,-0.023,0.196,-0.127,0.306,-0.225,-0.322,0.054,0.034,-0.367,0.033,0.369,0.110,0.486,-0.038,0.294,-0.186,0.446,0.049,0.029,0.142,0.010,0.053,0.010,0.395,0.138,0.438,0.042,0.289,0.053,0.377,-0.107,-0.153,0.068,0.016,-0.209,0.014,0.334,0.160,0.482,-0.004,0.250,-0.088,0.362,0.080,0.073,0.105,0.013,0.095,0.012,0.423,0.148,0.432,0.046,0.293,0.078,0.371,0.242,0.240,0.254,0.009,0.328,0.007,0.867,0.127,0.317,0.133,0.441,0.224,0.529,0.002,-0.015,0.083,0.011,-0.017,0.010,0.382,0.158,0.452,0.031,0.246,0.008,0.336,-0.329,-0.440,0.059,0.034,-0.512,0.034,0.390,0.142,0.495,-0.050,0.255,-0.256,0.400,0.162,0.154,0.207,0.011,0.210,0.012,0.531,0.089,0.395,0.080,0.352,0.157,0.430,-0.119,-0.171,0.053,0.016,-0.215,0.015,0.301,0.176,0.491,-0.010,0.223,-0.103,0.334,-0.108,-0.153,0.095,0.021,-0.196,0.019,0.402,0.183,0.509,0.003,0.287,-0.081,0.414,2.577,2.814,1.247,-0.001,-0.388,-0.001,1.727,-0.103,0.172,-0.198,1.275,1.986,0.687,2.032,2.185,1.170,-0.006,-0.325,-0.004,1.909,-0.233,-0.197,1.214,1.629,0.885
"1Q3",0.106,-0.474,0.182,0.816,-0.135,0.083,0.271,-0.347,0.119,0.395,-0.318,0.109,0.212,-0.210,0.092,0.288,-0.400,0.113,0.196,-0.885,0.164,0.229,-0.390,0.097,0.210,-0.130,0.112,0.409,-0.506,0.130,0.194,-0.172,0.085,0.272,-0.256,0.105,0.315,-1.890,0.339,-0.072,-1.758,0.343,-0.024,0.060,-0.136,0.060,-0.060,0.060,-0.091,0.060,-0.101,0.060,-0.071,0.060,-0.105,0.060,-0.175,0.060,-0.084,0.060,-0.082,0.060,-0.132,0.060,-0.063,0.061,-0.080,0.217,-0.117,0.207,-0.098,0.278,-0.886,-1.292,0.183,0.093,-1.156,0.096,0.813,0.110,0.469,-0.132,0.595,-0.641,0.741,-0.179,-0.248,0.038,0.027,-0.376,0.028,0.225,0.132,0.551,-0.030,0.187,-0.167,0.308,-0.295,-0.419,0.056,0.049,-0.540,0.048,0.352,0.125,0.521,-0.048,0.277,-0.250,0.444,0.049,0.024,0.169,0.015,0.046,0.015,0.406,0.158,0.444,0.062,0.297,0.057,0.387,-0.143,-0.200,0.076,0.024,-0.313,0.022,0.327,0.187,0.513,-0.003,0.243,-0.121,0.364,0.087,0.077,0.125,0.019,0.104,0.018,0.437,0.167,0.433,0.068,0.303,0.090,0.381,0.255,0.246,0.314,0.012,0.414,0.010,0.870,0.128,0.257,0.188,0.444,0.246,0.525,-0.003,-0.024,0.099,0.016,-0.050,0.016,0.388,0.182,0.467,0.045,0.250,0.005,0.342,-0.431,-0.570,0.057,0.051,-0.740,0.050,0.363,0.163,0.536,-0.067,0.233,-0.341,0.397,0.171,0.158,0.249,0.017,0.260,0.018,0.538,0.097,0.377,0.114,0.359,0.175,0.432,-0.151,-0.214,0.057,0.025,-0.321,0.023,0.296,0.207,0.528,-0.012,0.217,-0.135,0.337,-0.142,-0.198,0.109,0.030,-0.301,0.029,0.397,0.201,0.528,0.007,0.282,-0.111,0.417,2.506,2.722,1.296,-0.002,-0.600,-0.001,1.611,-0.126,0.166,-0.235,1.186,1.906,0.590,1.849,1.975,1.140,-0.008,-0.505,-0.006,1.667,-0.233,-0.230,1.058,1.460,0.740
"1Q4",0.144,-0.615,0.232,0.880,-0.184,0.114,0.282,-0.463,0.157,0.412,-0.478,0.150,0.208,-0.301,0.126,0.294,-0.604,0.155,0.189,-1.321,0.223,0.209,-0.583,0.134,0.208,-0.152,0.148,0.434,-0.755,0.179,0.178,-0.245,0.117,0.280,-0.374,0.141,0.322,-2.361,0.423,-0.072,-2.082,0.420,-0.034,0.081,-0.064,0.081,-0.026,0.081,-0.044,0.081,-0.066,0.081,-0.035,0.081,-0.068,0.081,-0.129,0.081,-0.050,0.081,-0.036,0.081,-0.093,0.081,-0.029,0.080,-0.041,0.264,0.040,0.254,0.066,0.257,-1.053,-1.512,0.156,0.114,-1.525,0.118,0.725,0.102,0.467,-0.163,0.521,-0.813,0.678,-0.206,-0.281,0.032,0.036,-0.484,0.038,0.206,0.143,0.560,-0.037,0.167,-0.197,0.292,-0.348,-0.488,0.052,0.061,-0.698,0.061,0.315,0.130,0.523,-0.057,0.243,-0.303,0.416,0.044,0.016,0.181,0.020,0.025,0.020,0.386,0.162,0.418,0.077,0.284,0.054,0.369,-0.171,-0.235,0.075,0.032,-0.411,0.030,0.299,0.197,0.512,-0.004,0.220,-0.149,0.343,0.085,0.072,0.137,0.024,0.097,0.024,0.417,0.169,0.405,0.085,0.290,0.092,0.362,0.252,0.238,0.350,0.015,0.466,0.012,0.805,0.113,0.179,0.232,0.414,0.251,0.480,-0.008,-0.032,0.108,0.021,-0.090,0.021,0.367,0.190,0.449,0.056,0.236,0.000,0.325,-0.506,-0.662,0.042,0.064,-0.943,0.064,0.318,0.169,0.545,-0.082,0.199,-0.408,0.372,0.169,0.151,0.271,0.022,0.286,0.023,0.504,0.092,0.331,0.141,0.338,0.180,0.400,-0.173,-0.242,0.054,0.032,-0.418,0.031,0.273,0.220,0.531,-0.015,0.198,-0.160,0.320,-0.168,-0.230,0.111,0.037,-0.400,0.037,0.364,0.205,0.517,0.009,0.256,-0.136,0.392,2.290,2.480,1.227,-0.003,-0.787,-0.002,1.405,-0.132,0.156,-0.253,1.030,1.716,0.462,1.646,1.756,1.026,-0.009,-0.658,-0.008,1.412,-0.222,-0.245,0.893,1.277,0.588
"2Q1",0.148,-0.648,0.209,0.923,-0.192,0.119,0.285,-0.493,0.154,0.419,-0.601,0.158,0.199,-0.353,0.130,0.292,-0.764,0.163,0.176,-1.671,0.234,0.180,-0.720,0.142,0.200,-0.123,0.144,0.449,-0.954,0.189,0.157,-0.280,0.121,0.281,-0.456,0.141,0.319,-2.577,0.379,-0.069,-2.170,0.361,-0.043,0.099,0.007,0.099,0.009,0.099,0.004,0.099,-0.028,0.099,0.000,0.099,-0.028,0.099,-0.078,0.099,-0.015,0.099,0.010,0.099,-0.050,0.099,0.007,0.097,0.000,0.295,0.162,0.284,0.187,0.227,-1.179,-1.669,0.113,0.125,-1.862,0.131,0.630,0.085,0.441,-0.191,0.439,-0.968,0.605,-0.223,-0.301,0.024,0.042,-0.575,0.045,0.183,0.141,0.534,-0.042,0.143,-0.221,0.268,-0.385,-0.535,0.043,0.069,-0.834,0.070,0.273,0.123,0.494,-0.065,0.204,-0.345,0.378,0.038,0.008,0.184,0.023,-0.002,0.023,0.352,0.149,0.364,0.088,0.259,0.048,0.337,-0.192,-0.260,0.068,0.037,-0.496,0.035,0.262,0.190,0.480,-0.006,0.189,-0.172,0.309,0.078,0.062,0.142,0.028,0.081,0.027,0.378,0.154,0.349,0.098,0.264,0.087,0.329,0.244,0.226,0.371,0.015,0.494,0.014,0.711,0.082,0.088,0.263,0.368,0.248,0.417,-0.013,-0.039,0.113,0.025,-0.131,0.025,0.333,0.181,0.403,0.063,0.213,-0.006,0.296,-0.558,-0.724,0.022,0.073,-1.115,0.074,0.271,0.161,0.522,-0.095,0.162,-0.459,0.339,0.163,0.142,0.279,0.025,0.295,0.026,0.450,0.076,0.263,0.161,0.304,0.179,0.353,-0.188,-0.260,0.048,0.038,-0.503,0.037,0.243,0.214,0.501,-0.019,0.172,-0.180,0.293,-0.187,-0.252,0.106,0.042,-0.489,0.043,0.321,0.194,0.476,0.009,0.222,-0.158,0.354,2.054,2.221,1.121,-0.004,-0.931,-0.003,1.203,-0.122,0.145,-0.261,0.874,1.515,0.345,1.465,1.564,0.903,-0.010,-0.769,-0.009,1.194,-0.205,-0.250,0.750,1.117,0.458
"2Q2",0.138,-0.585,0.169,0.951,-0.162,0.112,0.284,-0.439,0.136,0.419,-0.682,0.152,0.186,-0.366,0.122,0.284,-0.873,0.155,0.160,-1.921,0.220,0.146,-0.795,0.136,0.187,-0.047,0.127,0.456,-1.094,0.180,0.131,-0.278,0.114,0.275,-0.502,0.129,0.310,-2.605,0.286,-0.065,-2.085,0.257,-0.050,0.112,0.065,0.112,0.041,0.112,0.046,0.112,0.007,0.112,0.036,0.112,0.008,0.112,-0.031,0.112,0.018,0.112,0.050,0.112,-0.010,0.112,0.038,0.108,0.032,0.305,0.235,0.291,0.257,0.193,-1.268,-1.773,0.062,0.129,-2.160,0.136,0.540,0.062,0.401,-0.217,0.358,-1.103,0.530,-0.233,-0.311,0.015,0.046,-0.648,0.049,0.157,0.130,0.483,-0.047,0.117,-0.238,0.238,-0.409,-0.564,0.032,0.072,-0.947,0.074,0.230,0.109,0.443,-0.072,0.162,-0.378,0.334,0.032,0.001,0.181,0.024,-0.031,0.025,0.309,0.125,0.294,0.096,0.228,0.041,0.297,-0.206,-0.276,0.059,0.039,-0.565,0.039,0.221,0.170,0.426,-0.009,0.154,-0.190,0.268,0.070,0.051,0.143,0.029,0.062,0.029,0.329,0.127,0.279,0.106,0.231,0.080,0.286,0.235,0.214,0.378,0.015,0.506,0.014,0.601,0.040,-0.004,0.282,0.315,0.241,0.345,-0.016,-0.043,0.113,0.027,-0.169,0.027,0.290,0.158,0.339,0.067,0.185,-0.012,0.260,-0.592,-0.761,-0.000,0.077,-1.254,0.079,0.225,0.143,0.476,-0.107,0.124,-0.498,0.301,0.156,0.134,0.278,0.026,0.294,0.028,0.385,0.051,0.183,0.174,0.263,0.174,0.299,-0.197,-0.269,0.039,0.041,-0.572,0.041,0.209,0.195,0.450,-0.023,0.143,-0.195,0.259,-0.199,-0.265,0.097,0.045,-0.563,0.046,0.273,0.171,0.417,0.007,0.184,-0.175,0.308,1.836,1.983,1.012,-0.004,-1.025,-0.003,1.032,-0.101,0.134,-0.263,0.741,1.333,0.251,1.309,1.400,0.795,-0.011,-0.832,-0.010,1.021,-0.183,-0.251,0.635,0.984,0.358
"2Q3",0.121,-0.445,0.122,0.967,-0.100,0.098,0.277,-0.318,0.110,0.412,-0.724,0.137,0.169,-0.344,0.106,0.270,-0.932,0.138,0.140,-2.072,0.194,0.109,-0.814,0.122,0.171,0.064,0.103,0.454,-1.178,0.161,0.102,-0.244,0.101,0.265,-0.512,0.110,0.295,-2.509,0.191,-0.060,-1.897,0.157,-0.054,0.120,0.108,0.120,0.065,0.120,0.077,0.120,0.035,0.120,0.062,0.120,0.037,0.120,0.010,0.120,0.044,0.120,0.080,0.120,0.023,0.120,0.062,0.114,0.058,0.295,0.266,0.278,0.282,0.157,-1.328,-1.836,0.010,0.125,-2.410,0.134,0.459,0.039,0.355,-0.241,0.282,-1.216,0.458,-0.237,-0.313,0.005,0.047,-0.701,0.051,0.132,0.114,0.422,-0.051,0.090,-0.249,0.206,-0.423,-0.578,0.017,0.071,-1.032,0.074,0.188,0.091,0.383,-0.079,0.121,-0.403,0.288,0.027,-0.003,0.173,0.024,-0.057,0.026,0.262,0.094,0.219,0.099,0.193,0.033,0.253,-0.214,-0.283,0.048,0.040,-0.616,0.040,0.178,0.144,0.364,-0.013,0.118,-0.203,0.224,0.063,0.043,0.140,0.029,0.044,0.030,0.275,0.094,0.204,0.110,0.194,0.072,0.238,0.226,0.204,0.376,0.013,0.509,0.013,0.486,-0.004,-0.088,0.292,0.259,0.232,0.270,-0.018,-0.045,0.110,0.027,-0.201,0.028,0.244,0.129,0.269,0.068,0.154,-0.018,0.219,-0.611,-0.779,-0.023,0.077,-1.358,0.080,0.182,0.120,0.420,-0.118,0.087,-0.525,0.262,0.149,0.128,0.269,0.025,0.288,0.027,0.317,0.023,0.103,0.181,0.220,0.167,0.240,-0.202,-0.272,0.030,0.043,-0.623,0.043,0.174,0.168,0.388,-0.028,0.113,-0.206,0.222,-0.206,-0.270,0.086,0.045,-0.620,0.047,0.223,0.143,0.351,0.003,0.144,-0.189,0.259,1.643,1.774,0.911,-0.003,-1.071,-0.003,0.895,-0.075,0.123,-0.263,0.632,1.177,0.183,1.175,1.259,0.705,-0.011,-0.848,-0.010,0.886,-0.161,-0.248,0.544,0.873,0.283
"2Q4",0.100,-0.251,0.075,0.972,-0.016,0.082,0.265,-0.149,0.083,0.399,-0.732,0.117,0.148,-0.295,0.087,0.251,-0.950,0.117,0.117,-2.137,0.162,0.069,-0.787,0.105,0.152,0.198,0.077,0.446,-1.212,0.137,0.072,-0.184,0.084,0.250,-0.493,0.089,0.275,-2.345,0.114,-0.055,-1.660,0.078,-0.056,0.122,0.133,0.122,0.080,0.122,0.096,0.122,0.055,0.122,0.079,0.122,0.059,0.122,0.041,0.122,0.062,0.122,0.099,0.122,0.048,0.122,0.078,0.114,0.075,0.273,0.265,0.251,0.276,0.121,-1.362,-1.864,-0.040,0.116,-2.613,0.126,0.390,0.020,0.310,-0.264,0.213,-1.307,0.392,-0.236,-0.308,-0.005,0.046,-0.734,0.051,0.107,0.096,0.358,-0.056,0.063,-0.255,0.172,-0.428,-0.578,0.001,0.067,-1.091,0.071,0.149,0.073,0.323,-0.086,0.082,-0.420,0.242,0.024,-0.005,0.161,0.023,-0.079,0.026,0.214,0.063,0.148,0.099,0.157,0.026,0.206,-0.217,-0.283,0.036,0.038,-0.648,0.040,0.136,0.116,0.302,-0.018,0.082,-0.211,0.179,0.057,0.037,0.134,0.027,0.028,0.028,0.220,0.061,0.135,0.111,0.156,0.064,0.189,0.218,0.196,0.364,0.010,0.508,0.011,0.373,-0.046,-0.158,0.294,0.204,0.222,0.197,-0.019,-0.044,0.103,0.026,-0.225,0.028,0.197,0.098,0.202,0.067,0.122,-0.023,0.177,-0.617,-0.780,-0.045,0.074,-1.429,0.078,0.143,0.097,0.363,-0.127,0.053,-0.542,0.223,0.142,0.122,0.255,0.023,0.281,0.026,0.247,-0.004,0.032,0.183,0.176,0.159,0.182,-0.202,-0.269,0.019,0.042,-0.656,0.043,0.138,0.140,0.326,-0.033,0.082,-0.212,0.183,-0.208,-0.270,0.072,0.043,-0.660,0.046,0.174,0.114,0.287,-0.002,0.106,-0.198,0.210,1.474,1.590,0.823,-0.003,-1.074,-0.003,0.790,-0.048,0.114,-0.261,0.547,1.044,0.136,1.060,1.136,0.628,-0.010,-0.824,-0.010,0.784,-0.140,-0.244,0.473,0.781,0.229
"3Q1",0.079,-0.025,0.035,0.968,0.082,0.065,0.250,0.047,0.058,0.381,-0.714,0.097,0.126,-0.226,0.069,0.230,-0.933,0.095,0.093,-2.132,0.129,0.030,-0.726,0.087,0.131,0.344,0.054,0.432,-1.206,0.112,0.042,-0.108,0.067,0.232,-0.451,0.068,0.252,-2.153,0.059,-0.048,-1.416,0.025,-0.057,0.120,0.143,0.120,0.088,0.120,0.105,0.120,0.068,0.120,0.089,0.120,0.072,0.120,0.064,0.120,0.073,0.120,0.107,0.120,0.065,0.120,0.087,0.110,0.084,0.244,0.244,0.219,0.250,0.087,-1.376,-1.865,-0.087,0.105,-2.768,0.115,0.334,0.005,0.270,-0.285,0.152,-1.376,0.333,-0.231,-0.299,-0.016,0.043,-0.750,0.049,0.084,0.079,0.299,-0.060,0.038,-0.257,0.139,-0.425,-0.569,-0.016,0.061,-1.126,0.065,0.115,0.057,0.268,-0.093,0.047,-0.429,0.198,0.021,-0.005,0.147,0.021,-0.095,0.024,0.167,0.034,0.088,0.096,0.122,0.019,0.160,-0.215,-0.278,0.023,0.036,-0.664,0.038,0.098,0.090,0.246,-0.023,0.048,-0.215,0.136,0.053,0.034,0.125,0.024,0.016,0.026,0.166,0.030,0.076,0.109,0.119,0.057,0.142,0.210,0.190,0.345,0.006,0.504,0.008,0.265,-0.082,-0.209,0.289,0.152,0.212,0.128,-0.019,-0.042,0.093,0.024,-0.241,0.026,0.151,0.069,0.144,0.063,0.092,-0.027,0.136,-0.613,-0.769,-0.066,0.068,-1.470,0.073,0.109,0.077,0.310,-0.136,0.022,-0.549,0.185,0.137,0.119,0.236,0.019,0.273,0.022,0.181,-0.029,-0.027,0.181,0.133,0.151,0.126,-0.199,-0.262,0.008,0.040,-0.673,0.042,0.106,0.113,0.269,-0.038,0.053,-0.215,0.145,-0.206,-0.264,0.058,0.040,-0.683,0.044,0.130,0.087,0.230,-0.008,0.069,-0.203,0.163,1.324,1.428,0.744,-0.002,-1.043,-0.002,0.709,-0.024,0.107,-0.257,0.479,0.930,0.106,0.958,1.028,0.563,-0.010,-0.769,-0.010,0.705,-0.121,-0.238,0.418,0.703,0.191
"3Q2",0.060,0.216,0.006,0.957,0.184,0.050,0.232,0.254,0.037,0.361,-0.675,0.078,0.104,-0.144,0.052,0.207,-0.892,0.075,0.068,-2.073,0.098,-0.008,-0.641,0.070,0.110,0.492,0.034,0.414,-1.171,0.088,0.013,-0.024,0.052,0.212,-0.392,0.049,0.228,-1.961,0.026,-0.041,-1.192,-0.008,-0.056,0.114,0.141,0.114,0.089,0.114,0.106,0.114,0.075,0.114,0.091,0.114,0.079,0.114,0.079,0.114,0.078,0.114,0.108,0.114,0.076,0.114,0.088,0.103,0.087,0.212,0.213,0.184,0.214,0.056,-1.373,-1.845,-0.130,0.092,-2.877,0.102,0.292,-0.006,0.236,-0.304,0.101,-1.424,0.281,-0.224,-0.286,-0.026,0.040,-0.749,0.046,0.064,0.064,0.248,-0.063,0.016,-0.255,0.108,-0.418,-0.553,-0.034,0.054,-1.138,0.059,0.087,0.044,0.222,-0.099,0.016,-0.431,0.158,0.019,-0.004,0.130,0.018,-0.106,0.022,0.123,0.008,0.040,0.092,0.089,0.014,0.117,-0.210,-0.268,0.010,0.032,-0.664,0.036,0.065,0.067,0.200,-0.029,0.019,-0.215,0.097,0.051,0.034,0.114,0.020,0.009,0.023,0.117,0.004,0.030,0.104,0.085,0.051,0.098,0.203,0.186,0.320,0.002,0.500,0.004,0.167,-0.111,-0.242,0.279,0.105,0.202,0.065,-0.019,-0.039,0.080,0.021,-0.249,0.024,0.109,0.044,0.097,0.057,0.063,-0.030,0.098,-0.601,-0.748,-0.086,0.062,-1.483,0.067,0.082,0.060,0.264,-0.144,-0.005,-0.549,0.150,0.131,0.116,0.215,0.015,0.267,0.019,0.120,-0.049,-0.071,0.176,0.095,0.143,0.075,-0.194,-0.252,-0.003,0.037,-0.674,0.039,0.077,0.089,0.221,-0.044,0.028,-0.214,0.110,-0.202,-0.255,0.043,0.036,-0.690,0.041,0.091,0.065,0.183,-0.015,0.037,-0.204,0.120,1.191,1.284,0.674,-0.001,-0.987,-0.002,0.646,-0.004,0.101,-0.253,0.426,0.832,0.089,0.868,0.932,0.506,-0.009,-0.693,-0.010,0.644,-0.106,-0.231,0.374,0.637,0.166
"3Q3",0.045,0.455,-0.013,0.940,0.284,0.038,0.214,0.456,0.023,0.339,-0.624,0.061,0.082,-0.058,0.039,0.184,-0.833,0.057,0.045,-1.977,0.071,-0.043,-0.542,0.055,0.090,0.633,0.020,0.393,-1.113,0.066,-0.014,0.064,0.040,0.192,-0.323,0.034,0.204,-1.783,0.008,-0.034,-0.999,-0.024,-0.055,0.106,0.131,0.106,0.086,0.106,0.101,0.106,0.078,0.106,0.088,0.106,0.081,0.106,0.087,0.106,0.079,0.106,0.102,0.106,0.081,0.106,0.085,0.094,0.085,0.182,0.177,0.152,0.175,0.029,-1.358,-1.810,-0.167,0.080,-2.945,0.089,0.262,-0.012,0.210,-0.320,0.060,-1.453,0.238,-0.215,-0.272,-0.036,0.036,-0.735,0.042,0.048,0.052,0.206,-0.067,-0.004,-0.249,0.080,-0.407,-0.531,-0.052,0.046,-1.130,0.052,0.066,0.034,0.185,-0.105,-0.010,-0.428,0.123,0.018,-0.001,0.113,0.015,-0.111,0.019,0.084,-0.011,0.004,0.085,0.060,0.009,0.079,-0.203,-0.255,-0.003,0.028,-0.651,0.032,0.038,0.050,0.163,-0.034,-0.006,-0.211,0.062,0.050,0.036,0.102,0.016,0.006,0.019,0.075,-0.016,-0.004,0.098,0.056,0.047,0.059,0.197,0.183,0.292,-0.002,0.497,0.000,0.081,-0.132,-0.259,0.265,0.063,0.193,0.010,-0.018,-0.036,0.067,0.018,-0.249,0.021,0.072,0.023,0.061,0.051,0.038,-0.032,0.064,-0.584,-0.722,-0.103,0.055,-1.472,0.061,0.062,0.047,0.226,-0.151,-0.027,-0.542,0.120,0.126,0.114,0.193,0.011,0.262,0.014,0.066,-0.064,-0.100,0.168,0.060,0.135,0.031,-0.188,-0.240,-0.014,0.033,-0.662,0.036,0.054,0.070,0.183,-0.049,0.006,-0.210,0.080,-0.195,-0.244,0.028,0.031,-0.685,0.037,0.059,0.046,0.147,-0.023,0.009,-0.203,0.083,1.072,1.154,0.612,-0.001,-0.914,-0.001,0.596,0.012,0.095,-0.247,0.382,0.747,0.081,0.786,0.844,0.456,-0.009,-0.603,-0.009,0.594,-0.094,-0.223,0.339,0.579,0.148
"3Q4",0.033,0.681,-0.022,0.919,0.377,0.030,0.195,0.643,0.013,0.316,-0.565,0.046,0.061,0.028,0.029,0.162,-0.764,0.043,0.024,-1.856,0.048,-0.074,-0.439,0.043,0.071,0.761,0.011,0.371,-1.043,0.048,-0.038,0.148,0.031,0.173,-0.250,0.023,0.180,-1.627,0.002,-0.028,-0.843,-0.028,-0.054,0.097,0.117,0.097,0.079,0.097,0.092,0.097,0.076,0.097,0.082,0.097,0.079,0.097,0.091,0.097,0.076,0.097,0.092,0.097,0.082,0.097,0.079,0.085,0.079,0.156,0.143,0.124,0.138,0.007,-1.334,-1.765,-0.200,0.068,-2.976,0.077,0.244,-0.015,0.188,-0.335,0.026,-1.464,0.201,-0.205,-0.256,-0.045,0.031,-0.710,0.038,0.036,0.042,0.173,-0.070,-0.020,-0.241,0.056,-0.393,-0.507,-0.068,0.039,-1.107,0.045,0.050,0.027,0.156,-0.110,-0.030,-0.419,0.093,0.017,0.001,0.096,0.012,-0.110,0.016,0.050,-0.026,-0.019,0.078,0.034,0.006,0.045,-0.194,-0.241,-0.014,0.024,-0.628,0.029,0.018,0.036,0.135,-0.040,-0.025,-0.205,0.034,0.050,0.040,0.089,0.012,0.007,0.015,0.038,-0.031,-0.026,0.091,0.031,0.043,0.026,0.191,0.181,0.263,-0.006,0.495,-0.003,0.009,-0.146,-0.262,0.249,0.029,0.184,-0.035,-0.017,-0.032,0.053,0.015,-0.243,0.018,0.041,0.007,0.037,0.043,0.016,-0.034,0.035,-0.564,-0.692,-0.118,0.048,-1.442,0.054,0.048,0.037,0.197,-0.157,-0.045,-0.530,0.094,0.122,0.113,0.170,0.007,0.260,0.010,0.020,-0.074,-0.117,0.158,0.031,0.128,-0.007,-0.180,-0.228,-0.024,0.029,-0.640,0.033,0.036,0.055,0.154,-0.054,-0.012,-0.205,0.054,-0.187,-0.231,0.014,0.027,-0.669,0.032,0.034,0.033,0.120,-0.030,-0.013,-0.199,0.051,0.964,1.036,0.557,-0.000,-0.833,-0.001,0.555,0.023,0.091,-0.241,0.346,0.671,0.077,0.712,0.765,0.412,-0.008,-0.507,-0.009,0.553,-0.084,-0.214,0.310,0.528,0.136
"4Q1",0.024,0.886,-0.024,0.895,0.459,0.024,0.176,0.807,0.008,0.294,-0.502,0.035,0.042,0.110,0.022,0.142,-0.691,0.031,0.005,-1.722,0.029,-0.101,-0.337,0.033,0.054,0.871,0.007,0.349,-0.965,0.033,-0.059,0.225,0.024,0.155,-0.176,0.014,0.159,-1.495,0.003,-0.022,-0.723,-0.025,-0.052,0.088,0.100,0.088,0.070,0.088,0.081,0.088,0.072,0.088,0.073,0.088,0.075,0.088,0.091,0.088,0.071,0.088,0.080,0.088,0.080,0.088,0.071,0.075,0.071,0.133,0.113,0.100,0.105,-0.011,-1.304,-1.713,-0.226,0.057,-2.974,0.066,0.235,-0.016,0.171,-0.347,-0.001,-1.460,0.171,-0.196,-0.241,-0.052,0.027,-0.676,0.033,0.028,0.035,0.149,-0.073,-0.032,-0.231,0.036,-0.378,-0.482,-0.083,0.033,-1.070,0.039,0.040,0.022,0.135,-0.115,-0.046,-0.407,0.069,0.017,0.004,0.079,0.009,-0.106,0.013,0.022,-0.037,-0.033,0.070,0.013,0.003,0.017,-0.184,-0.226,-0.025,0.021,-0.597,0.025,0.004,0.027,0.115,-0.045,-0.040,-0.197,0.012,0.050,0.044,0.077,0.008,0.011,0.011,0.009,-0.041,-0.038,0.084,0.010,0.041,-0.001,0.186,0.179,0.234,-0.009,0.494,-0.007,-0.050,-0.153,-0.254,0.232,0.001,0.177,-0.071,-0.016,-0.028,0.040,0.012,-0.232,0.015,0.016,-0.004,0.022,0.036,-0.001,-0.034,0.011,-0.542,-0.660,-0.131,0.041,-1.395,0.047,0.041,0.031,0.174,-0.162,-0.058,-0.514,0.072,0.117,0.112,0.148,0.003,0.259,0.006,-0.018,-0.080,-0.123,0.148,0.008,0.121,-0.038,-0.173,-0.216,-0.032,0.026,-0.610,0.029,0.024,0.045,0.132,-0.058,-0.025,-0.197,0.034,-0.179,-0.218,0.002,0.022,-0.644,0.028,0.015,0.023,0.102,-0.037,-0.031,-0.194,0.026,0.865,0.929,0.507,0.001,-0.749,-0.000,0.519,0.030,0.087,-0.234,0.315,0.603,0.076,0.644,0.692,0.374,-0.007,-0.412,-0.008,0.517,-0.076,-0.205,0.284,0.482,0.127
"4Q2",0.018,1.066,-0.022,0.869,0.527,0.020,0.159,0.945,0.006,0.272,-0.439,0.026,0.025,0.183,0.018,0.123,-0.617,0.022,-0.011,-1.584,0.014,-0.123,-0.240,0.025,0.039,0.963,0.006,0.327,-0.884,0.021,-0.076,0.293,0.020,0.138,-0.105,0.009,0.140,-1.385,0.009,-0.016,-0.635,-0.019,-0.050,0.079,0.083,0.079,0.060,0.079,0.069,0.079,0.067,0.079,0.064,0.079,0.069,0.079,0.088,0.079,0.064,0.079,0.068,0.079,0.076,0.079,0.062,0.066,0.062,0.115,0.088,0.081,0.078,-0.024,-1.270,-1.658,-0.247,0.048,-2.944,0.056,0.232,-0.016,0.156,-0.356,-0.022,-1.443,0.145,-0.186,-0.226,-0.059,0.023,-0.636,0.029,0.023,0.030,0.130,-0.075,-0.041,-0.220,0.021,-0.363,-0.457,-0.095,0.027,-1.023,0.033,0.035,0.018,0.119,-0.118,-0.057,-0.393,0.050,0.016,0.006,0.064,0.006,-0.099,0.010,-0.000,-0.043,-0.039,0.062,-0.004,0.001,-0.006,-0.174,-0.211,-0.034,0.017,-0.559,0.022,-0.005,0.020,0.101,-0.049,-0.050,-0.187,-0.005,0.051,0.048,0.065,0.004,0.017,0.008,-0.014,-0.047,-0.042,0.076,-0.006,0.040,-0.022,0.181,0.178,0.207,-0.012,0.494,-0.010,-0.096,-0.155,-0.238,0.214,-0.021,0.170,-0.098,-0.016,-0.025,0.027,0.009,-0.217,0.013,-0.002,-0.011,0.013,0.029,-0.014,-0.034,-0.007,-0.520,-0.628,-0.140,0.035,-1.337,0.041,0.038,0.027,0.155,-0.165,-0.067,-0.495,0.055,0.113,0.111,0.128,-0.001,0.259,0.002,-0.048,-0.083,-0.122,0.137,-0.011,0.115,-0.061,-0.166,-0.204,-0.040,0.022,-0.575,0.026,0.016,0.037,0.117,-0.062,-0.035,-0.189,0.018,-0.170,-0.206,-0.010,0.019,-0.613,0.024,0.002,0.016,0.089,-0.043,-0.044,-0.186,0.006,0.775,0.831,0.462,0.001,-0.666,0.000,0.487,0.033,0.083,-0.227,0.287,0.541,0.076,0.582,0.625,0.340,-0.007,-0.322,-0.008,0.484,-0.070,-0.195,0.262,0.440,0.120
"4Q3",0.015,1.218,-0.016,0.841,0.582,0.019,0.144,1.056,0.007,0.252,-0.378,0.019,0.011,0.247,0.016,0.108,-0.546,0.016,-0.024,-1.447,0.003,-0.140,-0.153,0.020,0.027,1.035,0.007,0.306,-0.804,0.013,-0.089,0.349,0.018,0.124,-0.039,0.006,0.123,-1.293,0.016,-0.012,-0.572,-0.010,-0.048,0.071,0.067,0.071,0.051,0.071,0.058,0.071,0.061,0.071,0.055,0.071,0.063,0.071,0.084,0.071,0.058,0.071,0.056,0.071,0.071,0.071,0.053,0.058,0.053,0.101,0.068,0.066,0.056,-0.033,-1.234,-1.602,-0.263,0.040,-2.891,0.048,0.234,-0.014,0.143,-0.363,-0.039,-1.416,0.123,-0.177,-0.213,-0.063,0.020,-0.592,0.025,0.020,0.026,0.117,-0.076,-0.047,-0.208,0.008,-0.347,-0.432,-0.104,0.023,-0.969,0.028,0.034,0.016,0.107,-0.121,-0.065,-0.376,0.034,0.016,0.008,0.050,0.004,-0.090,0.007,-0.017,-0.046,-0.040,0.054,-0.017,-0.000,-0.023,-0.164,-0.197,-0.041,0.014,-0.518,0.019,-0.009,0.016,0.092,-0.053,-0.056,-0.176,-0.017,0.052,0.052,0.055,0.001,0.024,0.004,-0.031,-0.050,-0.042,0.068,-0.017,0.039,-0.038,0.177,0.176,0.182,-0.014,0.494,-0.013,-0.130,-0.153,-0.218,0.197,-0.036,0.165,-0.118,-0.015,-0.022,0.016,0.007,-0.200,0.010,-0.016,-0.016,0.010,0.022,-0.024,-0.033,-0.021,-0.497,-0.597,-0.147,0.030,-1.270,0.036,0.039,0.024,0.141,-0.168,-0.074,-0.474,0.041,0.110,0.110,0.110,-0.004,0.260,-0.002,-0.071,-0.083,-0.114,0.126,-0.025,0.110,-0.079,-0.159,-0.193,-0.045,0.019,-0.535,0.023,0.012,0.032,0.106,-0.065,-0.041,-0.180,0.007,-0.162,-0.194,-0.019,0.015,-0.578,0.020,-0.005,0.011,0.081,-0.049,-0.053,-0.179,-0.009,0.693,0.741,0.422,0.001,-0.588,0.001,0.458,0.035,0.079,-0.219,0.261,0.485,0.076,0.525,0.563,0.310,-0.006,-0.239,-0.007,0.454,-0.066,-0.185,0.241,0.402,0.113
"4Q4",0.013,1.343,-0.008,0.812,0.623,0.019,0.129,1.139,0.009,0.233,-0.321,0.015,-0.000,0.300,0.015,0.094,-0.480,0.012,-0.035,-1.317,-0.005,-0.152,-0.075,0.017,0.017,1.088,0.010,0.286,-0.728,0.006,-0.099,0.395,0.017,0.112,0.020,0.005,0.108,-1.215,0.023,-0.008,-0.529,-0.002,-0.047,0.064,0.053,0.064,0.042,0.064,0.047,0.064,0.055,0.064,0.046,0.064,0.057,0.064,0.079,0.064,0.051,0.064,0.045,0.064,0.066,0.064,0.045,0.051,0.044,0.090,0.052,0.055,0.040,-0.040,-1.197,-1.547,-0.275,0.034,-2.819,0.041,0.239,-0.013,0.130,-0.368,-0.054,-1.381,0.103,-0.169,-0.201,-0.067,0.017,-0.546,0.022,0.021,0.024,0.107,-0.077,-0.050,-0.196,-0.001,-0.332,-0.410,-0.111,0.019,-0.910,0.024,0.035,0.015,0.097,-0.123,-0.069,-0.358,0.022,0.015,0.010,0.039,0.002,-0.079,0.005,-0.029,-0.047,-0.036,0.046,-0.027,-0.001,-0.036,-0.156,-0.184,-0.046,0.012,-0.475,0.016,-0.009,0.014,0.085,-0.055,-0.060,-0.166,-0.025,0.053,0.055,0.045,-0.001,0.032,0.002,-0.042,-0.051,-0.037,0.061,-0.025,0.039,-0.049,0.173,0.175,0.159,-0.016,0.494,-0.015,-0.154,-0.148,-0.194,0.181,-0.046,0.160,-0.130,-0.015,-0.019,0.007,0.005,-0.181,0.008,-0.025,-0.018,0.010,0.015,-0.031,-0.031,-0.031,-0.476,-0.568,-0.152,0.026,-1.196,0.032,0.043,0.022,0.129,-0.169,-0.078,-0.452,0.029,0.107,0.109,0.094,-0.006,0.262,-0.005,-0.087,-0.081,-0.103,0.116,-0.034,0.106,-0.090,-0.152,-0.183,-0.050,0.017,-0.494,0.020,0.012,0.029,0.099,-0.068,-0.044,-0.170,-0.001,-0.155,-0.183,-0.027,0.012,-0.539,0.017,-0.009,0.009,0.076,-0.054,-0.058,-0.170,-0.020,0.617,0.659,0.385,0.002,-0.517,0.001,0.429,0.035,0.076,-0.211,0.238,0.434,0.076,0.474,0.507,0.284,-0.006,-0.165,-0.007,0.424,-0.062,-0.175,0.222,0.367,0.107
"5Q1",0.013,1.441,-0.001,0.781,0.650,0.020,0.116,1.197,0.012,0.216,-0.269,0.012,-0.009,0.343,0.016,0.082,-0.419,0.009,-0.042,-1.197,-0.010,-0.160,-0.008,0.015,0.009,1.123,0.014,0.267,-0.658,0.002,-0.106,0.430,0.018,0.101,0.072,0.005,0.096,-1.147,0.030,-0.004,-0.500,0.005,-0.045,0.058,0.041,0.058,0.034,0.058,0.038,0.058,0.050,0.058,0.038,0.058,0.051,0.058,0.073,0.058,0.045,0.058,0.035,0.058,0.061,0.058,0.037,0.045,0.037,0.083,0.042,0.047,0.029,-0.044,-1.160,-1.493,-0.283,0.028,-2.731,0.035,0.245,-0.012,0.117,-0.372,-0.066,-1.339,0.084,-0.161,-0.190,-0.069,0.015,-0.499,0.019,0.022,0.022,0.099,-0.078,-0.052,-0.184,-0.007,-0.318,-0.389,-0.116,0.016,-0.848,0.021,0.039,0.014,0.090,-0.124,-0.072,-0.340,0.013,0.015,0.012,0.028,-0.000,-0.068,0.003,-0.038,-0.047,-0.031,0.039,-0.033,-0.001,-0.045,-0.147,-0.173,-0.050,0.010,-0.432,0.013,-0.007,0.013,0.080,-0.058,-0.061,-0.155,-0.030,0.054,0.058,0.038,-0.003,0.040,-0.001,-0.050,-0.049,-0.031,0.054,-0.030,0.039,-0.055,0.170,0.174,0.140,-0.017,0.493,-0.017,-0.168,-0.141,-0.171,0.167,-0.052,0.156,-0.136,-0.014,-0.017,-0.001,0.003,-0.161,0.006,-0.030,-0.019,0.013,0.010,-0.035,-0.030,-0.037,-0.455,-0.541,-0.154,0.023,-1.119,0.028,0.048,0.021,0.118,-0.169,-0.080,-0.430,0.020,0.104,0.108,0.080,-0.008,0.264,-0.007,-0.098,-0.077,-0.091,0.107,-0.040,0.103,-0.097,-0.146,-0.175,-0.052,0.014,-0.452,0.018,0.013,0.027,0.093,-0.070,-0.046,-0.161,-0.006,-0.148,-0.174,-0.033,0.010,-0.500,0.014,-0.010,0.007,0.073,-0.058,-0.062,-0.162,-0.027,0.549,0.584,0.351,0.002,-0.453,0.001,0.402,0.034,0.073,-0.203,0.215,0.386,0.074,0.426,0.456,0.260,-0.006,-0.102,-0.007,0.396,-0.059,-0.165,0.204,0.335,0.100
"5Q2",0.013,1.515,0.007,0.749,0.667,0.021,0.105,1.232,0.015,0.199,-0.222,0.010,-0.016,0.375,0.017,0.073,-0.365,0.008,-0.048,-1.087,-0.013,-0.165,0.047,0.014,0.003,1.143,0.017,0.249,-0.593,-0.001,-0.110,0.455,0.019,0.092,0.116,0.006,0.085,-1.086,0.035,-0.002,-0.480,0.012,-0.044,0.053,0.031,0.053,0.028,0.053,0.030,0.053,0.045,0.053,0.031,0.053,0.045,0.053,0.068,0.053,0.039,0.053,0.027,0.053,0.055,0.053,0.031,0.040,0.030,0.078,0.034,0.042,0.021,-0.046,-1.124,-1.442,-0.288,0.024,-2.631,0.029,0.250,-0.011,0.104,-0.374,-0.078,-1.292,0.065,-0.154,-0.181,-0.070,0.013,-0.453,0.017,0.025,0.021,0.092,-0.078,-0.053,-0.172,-0.012,-0.305,-0.371,-0.119,0.013,-0.785,0.018,0.043,0.013,0.083,-0.125,-0.073,-0.322,0.005,0.014,0.013,0.020,-0.001,-0.056,0.001,-0.043,-0.045,-0.024,0.033,-0.037,-0.000,-0.051,-0.140,-0.163,-0.053,0.008,-0.389,0.011,-0.004,0.012,0.077,-0.059,-0.060,-0.144,-0.032,0.054,0.060,0.031,-0.004,0.047,-0.002,-0.054,-0.047,-0.024,0.048,-0.033,0.039,-0.059,0.166,0.173,0.123,-0.018,0.492,-0.018,-0.176,-0.133,-0.147,0.153,-0.053,0.153,-0.138,-0.014,-0.015,-0.008,0.002,-0.142,0.004,-0.032,-0.018,0.016,0.005,-0.037,-0.028,-0.041,-0.436,-0.517,-0.154,0.020,-1.040,0.025,0.054,0.020,0.109,-0.169,-0.081,-0.408,0.012,0.101,0.107,0.069,-0.010,0.266,-0.009,-0.104,-0.073,-0.077,0.098,-0.043,0.100,-0.099,-0.141,-0.168,-0.054,0.013,-0.410,0.016,0.016,0.026,0.089,-0.071,-0.046,-0.152,-0.010,-0.143,-0.165,-0.038,0.008,-0.460,0.012,-0.008,0.007,0.071,-0.061,-0.063,-0.153,-0.032,0.486,0.516,0.320,0.002,-0.397,0.002,0.376,0.032,0.070,-0.195,0.194,0.343,0.071,0.384,0.409,0.239,-0.005,-0.048,-0.006,0.369,-0.056,-0.155,0.187,0.305,0.093
"5Q3",0.014,1.569,0.013,0.716,0.673,0.023,0.095,1.248,0.019,0.184,-0.180,0.009,-0.022,0.398,0.019,0.064,-0.317,0.008,-0.052,-0.990,-0.015,-0.167,0.093,0.013,-0.001,1.150,0.021,0.231,-0.535,-0.002,-0.112,0.470,0.020,0.084,0.154,0.007,0.076,-1.029,0.039,0.001,-0.465,0.016,-0.042,0.049,0.024,0.049,0.022,0.049,0.024,0.049,0.040,0.049,0.026,0.049,0.040,0.049,0.062,0.049,0.035,0.049,0.021,0.049,0.051,0.049,0.025,0.036,0.025,0.074,0.030,0.038,0.016,-0.047,-1.090,-1.394,-0.290,0.019,-2.522,0.025,0.254,-0.011,0.091,-0.374,-0.089,-1.243,0.046,-0.149,-0.173,-0.070,0.011,-0.408,0.015,0.028,0.020,0.087,-0.078,-0.052,-0.161,-0.015,-0.294,-0.355,-0.120,0.011,-0.722,0.016,0.047,0.013,0.077,-0.125,-0.074,-0.304,-0.001,0.014,0.014,0.013,-0.002,-0.044,-0.000,-0.045,-0.042,-0.017,0.027,-0.039,0.000,-0.054,-0.134,-0.155,-0.054,0.007,-0.348,0.010,0.001,0.012,0.073,-0.060,-0.059,-0.134,-0.033,0.055,0.062,0.026,-0.006,0.055,-0.004,-0.055,-0.044,-0.017,0.043,-0.034,0.039,-0.060,0.164,0.172,0.110,-0.018,0.490,-0.019,-0.177,-0.124,-0.126,0.142,-0.052,0.150,-0.135,-0.014,-0.014,-0.013,0.001,-0.123,0.003,-0.032,-0.017,0.020,0.000,-0.038,-0.026,-0.042,-0.419,-0.495,-0.153,0.018,-0.961,0.022,0.060,0.019,0.100,-0.168,-0.082,-0.386,0.005,0.098,0.105,0.060,-0.011,0.267,-0.010,-0.106,-0.068,-0.064,0.091,-0.043,0.097,-0.099,-0.137,-0.161,-0.055,0.011,-0.370,0.014,0.020,0.025,0.085,-0.072,-0.045,-0.143,-0.011,-0.137,-0.158,-0.042,0.007,-0.421,0.010,-0.005,0.006,0.069,-0.064,-0.063,-0.145,-0.035,0.429,0.454,0.291,0.002,-0.348,0.002,0.350,0.031,0.067,-0.187,0.174,0.304,0.067,0.345,0.367,0.220,-0.005,-0.003,-0.006,0.342,-0.054,-0.145,0.171,0.278,0.086
"5Q4",0.015,1.606,0.019,0.682,0.671,0.024,0.085,1.249,0.022,0.169,-0.143,0.008,-0.025,0.413,0.021,0.057,-0.276,0.008,-0.054,-0.904,-0.015,-0.166,0.129,0.013,-0.005,1.147,0.024,0.215,-0.484,-0.002,-0.112,0.478,0.022,0.077,0.185,0.009,0.068,-0.974,0.042,0.002,-0.453,0.020,-0.041,0.046,0.018,0.046,0.018,0.046,0.019,0.046,0.037,0.046,0.021,0.046,0.036,0.046,0.058,0.046,0.031,0.046,0.016,0.046,0.046,0.046,0.021,0.034,0.021,0.071,0.027,0.036,0.013,-0.047,-1.058,-1.349,-0.291,0.016,-2.406,0.020,0.256,-0.011,0.077,-0.374,-0.101,-1.191,0.027,-0.143,-0.167,-0.069,0.010,-0.365,0.013,0.031,0.019,0.082,-0.077,-0.052,-0.150,-0.018,-0.283,-0.341,-0.119,0.010,-0.660,0.014,0.051,0.012,0.071,-0.124,-0.074,-0.286,-0.007,0.013,0.015,0.008,-0.003,-0.032,-0.001,-0.045,-0.039,-0.010,0.022,-0.040,0.001,-0.055,-0.129,-0.148,-0.055,0.006,-0.308,0.009,0.005,0.012,0.070,-0.061,-0.056,-0.125,-0.034,0.054,0.063,0.021,-0.006,0.061,-0.005,-0.055,-0.040,-0.010,0.038,-0.033,0.040,-0.059,0.161,0.170,0.099,-0.018,0.488,-0.019,-0.174,-0.115,-0.106,0.132,-0.049,0.148,-0.130,-0.013,-0.013,-0.017,-0.000,-0.104,0.002,-0.030,-0.015,0.023,-0.003,-0.037,-0.024,-0.042,-0.404,-0.476,-0.151,0.016,-0.884,0.020,0.065,0.018,0.091,-0.167,-0.082,-0.366,-0.001,0.096,0.104,0.052,-0.011,0.267,-0.011,-0.105,-0.062,-0.052,0.084,-0.041,0.095,-0.096,-0.133,-0.156,-0.055,0.010,-0.332,0.012,0.024,0.025,0.081,-0.072,-0.043,-0.135,-0.012,-0.133,-0.152,-0.044,0.005,-0.383,0.009,-0.002,0.006,0.067,-0.066,-0.062,-0.137,-0.037,0.378,0.398,0.264,0.002,-0.307,0.002,0.325,0.029,0.065,-0.180,0.155,0.267,0.063,0.309,0.328,0.202,-0.005,0.032,-0.006,0.316,-0.052,-0.135,0.156,0.252,0.079
"6Q1",0.016,1.628,0.023,0.648,0.662,0.026,0.077,1.237,0.024,0.156,-0.111,0.009,-0.028,0.422,0.022,0.051,-0.240,0.008,-0.054,-0.830,-0.014,-0.164,0.157,0.014,-0.007,1.134,0.027,0.199,-0.439,-0.002,-0.111,0.480,0.023,0.071,0.210,0.010,0.061,-0.920,0.043,0.004,-0.441,0.021,-0.040,0.043,0.014,0.043,0.015,0.043,0.015,0.043,0.033,0.043,0.018,0.043,0.033,0.043,0.053,0.043,0.028,0.043,0.013,0.043,0.043,0.043,0.018,0.031,0.018,0.070,0.026,0.035,0.012,-0.046,-1.027,-1.307,-0.290,0.012,-2.285,0.016,0.256,-0.011,0.064,-0.373,-0.113,-1.137,0.008,-0.139,-0.162,-0.068,0.009,-0.325,0.012,0.034,0.018,0.077,-0.077,-0.050,-0.141,-0.020,-0.274,-0.328,-0.118,0.009,-0.600,0.013,0.055,0.011,0.065,-0.123,-0.074,-0.270,-0.012,0.013,0.015,0.004,-0.004,-0.021,-0.002,-0.044,-0.036,-0.005,0.018,-0.039,0.002,-0.054,-0.124,-0.142,-0.055,0.005,-0.271,0.008,0.010,0.012,0.066,-0.061,-0.054,-0.116,-0.033,0.054,0.064,0.018,-0.007,0.067,-0.005,-0.053,-0.037,-0.004,0.034,-0.031,0.040,-0.057,0.158,0.169,0.090,-0.018,0.484,-0.019,-0.168,-0.106,-0.090,0.124,-0.045,0.146,-0.122,-0.013,-0.012,-0.020,-0.001,-0.087,0.001,-0.027,-0.014,0.026,-0.006,-0.036,-0.022,-0.041,-0.390,-0.458,-0.149,0.014,-0.808,0.018,0.069,0.017,0.082,-0.165,-0.083,-0.346,-0.008,0.094,0.103,0.047,-0.012,0.267,-0.012,-0.103,-0.057,-0.041,0.079,-0.038,0.093,-0.091,-0.129,-0.152,-0.054,0.009,-0.296,0.011,0.028,0.024,0.077,-0.072,-0.041,-0.127,-0.012,-0.129,-0.147,-0.046,0.005,-0.347,0.007,0.002,0.006,0.064,-0.067,-0.061,-0.130,-0.037,0.331,0.347,0.238,0.002,-0.272,0.002,0.302,0.027,0.062,-0.172,0.138,0.234,0.058,0.277,0.294,0.186,-0.005,0.060,-0.005,0.291,-0.050,-0.126,0.141,0.229,0.072
"6Q2",0.017,1.639,0.026,0.613,0.649,0.027,0.069,1.216,0.026,0.143,-0.084,0.009,-0.029,0.425,0.024,0.046,-0.210,0.009,-0.054,-0.767,-0.013,-0.160,0.178,0.015,-0.009,1.116,0.029,0.184,-0.401,-0.001,-0.109,0.477,0.024,0.066,0.231,0.012,0.055,-0.866,0.044,0.005,-0.428,0.022,-0.039,0.041,0.011,0.041,0.013,0.041,0.013,0.041,0.031,0.041,0.015,0.041,0.030,0.041,0.049,0.041,0.025,0.041,0.010,0.041,0.040,0.041,0.015,0.030,0.015,0.068,0.026,0.034,0.012,-0.045,-0.999,-1.268,-0.289,0.009,-2.162,0.013,0.255,-0.012,0.051,-0.371,-0.125,-1.083,-0.012,-0.135,-0.157,-0.066,0.008,-0.288,0.011,0.036,0.017,0.071,-0.076,-0.049,-0.132,-0.021,-0.265,-0.317,-0.116,0.008,-0.542,0.011,0.058,0.010,0.059,-0.122,-0.074,-0.254,-0.017,0.013,0.015,0.001,-0.004,-0.011,-0.003,-0.042,-0.033,0.000,0.015,-0.037,0.004,-0.052,-0.120,-0.137,-0.054,0.004,-0.237,0.007,0.014,0.012,0.063,-0.060,-0.051,-0.108,-0.033,0.054,0.064,0.015,-0.007,0.072,-0.006,-0.050,-0.033,0.001,0.031,-0.029,0.040,-0.054,0.156,0.167,0.083,-0.017,0.480,-0.019,-0.160,-0.097,-0.075,0.118,-0.039,0.144,-0.113,-0.013,-0.011,-0.022,-0.001,-0.070,0.000,-0.024,-0.012,0.028,-0.008,-0.033,-0.019,-0.039,-0.377,-0.443,-0.145,0.013,-0.735,0.016,0.072,0.015,0.074,-0.163,-0.083,-0.328,-0.014,0.093,0.102,0.042,-0.012,0.266,-0.012,-0.098,-0.052,-0.032,0.074,-0.034,0.092,-0.085,-0.126,-0.148,-0.053,0.008,-0.263,0.010,0.031,0.024,0.073,-0.071,-0.040,-0.120,-0.012,-0.126,-0.143,-0.047,0.004,-0.312,0.006,0.006,0.006,0.061,-0.068,-0.060,-0.123,-0.038,0.289,0.302,0.215,0.002,-0.243,0.002,0.279,0.025,0.059,-0.165,0.121,0.204,0.053,0.248,0.262,0.170,-0.004,0.082,-0.005,0.268,-0.048,-0.117,0.128,0.207,0.065
"6Q3",0.018,1.641,0.028,0.578,0.632,0.028,0.062,1.188,0.027,0.130,-0.061,0.010,-0.030,0.423,0.025,0.041,-0.184,0.010,-0.053,-0.714,-0.011,-0.155,0.193,0.015,-0.010,1.093,0.030,0.170,-0.368,-0.000,-0.106,0.471,0.025,0.061,0.247,0.013,0.050,-0.812,0.044,0.006,-0.413,0.022,-0.038,0.040,0.010,0.040,0.011,0.040,0.011,0.040,0.029,0.040,0.014,0.040,0.028,0.040,0.046,0.040,0.023,0.040,0.009,0.040,0.037,0.040,0.014,0.029,0.014,0.067,0.026,0.033,0.013,-0.043,-0.972,-1.232,-0.287,0.006,-2.038,0.009,0.252,-0.013,0.038,-0.369,-0.137,-1.029,-0.031,-0.132,-0.153,-0.064,0.008,-0.253,0.010,0.038,0.016,0.066,-0.075,-0.048,-0.123,-0.023,-0.257,-0.308,-0.113,0.007,-0.488,0.010,0.060,0.008,0.052,-0.121,-0.074,-0.240,-0.021,0.013,0.016,-0.002,-0.004,-0.001,-0.003,-0.039,-0.030,0.004,0.012,-0.035,0.005,-0.050,-0.117,-0.133,-0.053,0.004,-0.206,0.006,0.017,0.012,0.059,-0.060,-0.049,-0.101,-0.032,0.053,0.064,0.013,-0.007,0.076,-0.006,-0.046,-0.030,0.005,0.028,-0.026,0.041,-0.050,0.154,0.166,0.078,-0.016,0.474,-0.019,-0.150,-0.090,-0.063,0.112,-0.032,0.143,-0.104,-0.013,-0.011,-0.023,-0.001,-0.055,-0.000,-0.020,-0.010,0.029,-0.010,-0.031,-0.017,-0.036,-0.365,-0.429,-0.142,0.011,-0.666,0.014,0.073,0.014,0.066,-0.161,-0.084,-0.311,-0.019,0.091,0.100,0.039,-0.012,0.265,-0.012,-0.093,-0.048,-0.024,0.070,-0.030,0.091,-0.078,-0.123,-0.145,-0.052,0.008,-0.233,0.009,0.034,0.023,0.069,-0.071,-0.038,-0.113,-0.012,-0.123,-0.140,-0.048,0.004,-0.280,0.006,0.009,0.006,0.058,-0.069,-0.058,-0.116,-0.038,0.251,0.261,0.193,0.002,-0.218,0.002,0.258,0.024,0.057,-0.159,0.106,0.177,0.047,0.222,0.234,0.156,-0.004,0.097,-0.005,0.246,-0.045,-0.109,0.115,0.188,0.058
"6Q4",0.019,1.637,0.030,0.544,0.613,0.029,0.056,1.156,0.028,0.119,-0.042,0.010,-0.030,0.419,0.026,0.036,-0.163,0.011,-0.052,-0.670,-0.009,-0.150,0.203,0.016,-0.010,1.068,0.031,0.157,-0.340,0.001,-0.102,0.462,0.026,0.056,0.260,0.014,0.045,-0.758,0.043,0.007,-0.397,0.022,-0.036,0.039,0.009,0.039,0.010,0.039,0.011,0.039,0.027,0.039,0.013,0.039,0.026,0.039,0.043,0.039,0.021,0.039,0.008,0.039,0.034,0.039,0.013,0.029,0.012,0.066,0.026,0.032,0.013,-0.042,-0.947,-1.198,-0.286,0.004,-1.914,0.006,0.247,-0.014,0.026,-0.367,-0.149,-0.976,-0.051,-0.129,-0.150,-0.062,0.007,-0.221,0.010,0.040,0.015,0.061,-0.074,-0.047,-0.116,-0.024,-0.250,-0.300,-0.110,0.006,-0.437,0.009,0.061,0.007,0.047,-0.119,-0.074,-0.226,-0.026,0.012,0.016,-0.003,-0.004,0.008,-0.003,-0.036,-0.027,0.007,0.010,-0.032,0.006,-0.047,-0.114,-0.130,-0.052,0.004,-0.177,0.006,0.020,0.011,0.055,-0.059,-0.047,-0.095,-0.031,0.052,0.063,0.011,-0.006,0.080,-0.006,-0.043,-0.027,0.008,0.026,-0.023,0.041,-0.046,0.152,0.164,0.074,-0.016,0.468,-0.018,-0.140,-0.082,-0.053,0.108,-0.026,0.142,-0.094,-0.012,-0.010,-0.023,-0.001,-0.042,-0.000,-0.017,-0.009,0.029,-0.011,-0.029,-0.015,-0.034,-0.355,-0.417,-0.138,0.010,-0.600,0.013,0.074,0.012,0.058,-0.158,-0.085,-0.295,-0.025,0.090,0.099,0.037,-0.011,0.263,-0.012,-0.088,-0.043,-0.018,0.067,-0.025,0.090,-0.071,-0.121,-0.142,-0.051,0.007,-0.205,0.009,0.037,0.022,0.065,-0.070,-0.036,-0.107,-0.012,-0.121,-0.136,-0.049,0.003,-0.250,0.005,0.012,0.006,0.055,-0.069,-0.056,-0.110,-0.038,0.217,0.225,0.172,0.002,-0.198,0.002,0.238,0.023,0.054,-0.152,0.091,0.152,0.041,0.199,0.209,0.143,-0.004,0.108,-0.005,0.225,-0.043,-0.101,0.103,0.170,0.051
"7Q1",0.020,1.628,0.030,0.510,0.592,0.029,0.050,1.122,0.029,0.108,-0.026,0.011,-0.030,0.412,0.026,0.033,-0.145,0.012,-0.050,-0.634,-0.007,-0.144,0.209,0.017,-0.011,1.041,0.031,0.144,-0.316,0.003,-0.098,0.451,0.026,0.052,0.269,0.015,0.041,-0.704,0.042,0.007,-0.378,0.021,-0.035,0.038,0.009,0.038,0.010,0.038,0.010,0.038,0.025,0.038,0.012,0.038,0.025,0.038,0.040,0.038,0.020,0.038,0.008,0.038,0.032,0.038,0.012,0.028,0.012,0.065,0.027,0.031,0.014,-0.041,-0.923,-1.165,-0.284,0.001,-1.790,0.003,0.241,-0.015,0.014,-0.364,-0.160,-0.923,-0.070,-0.126,-0.147,-0.060,0.007,-0.193,0.009,0.041,0.014,0.057,-0.073,-0.047,-0.109,-0.025,-0.244,-0.292,-0.107,0.006,-0.389,0.009,0.062,0.006,0.041,-0.117,-0.074,-0.213,-0.030,0.012,0.016,-0.004,-0.004,0.016,-0.003,-0.032,-0.024,0.009,0.008,-0.030,0.008,-0.043,-0.111,-0.127,-0.050,0.004,-0.151,0.005,0.022,0.011,0.051,-0.058,-0.045,-0.089,-0.031,0.052,0.062,0.010,-0.006,0.082,-0.006,-0.039,-0.025,0.010,0.024,-0.020,0.041,-0.042,0.150,0.162,0.072,-0.015,0.461,-0.018,-0.130,-0.076,-0.045,0.105,-0.019,0.141,-0.084,-0.012,-0.010,-0.024,-0.001,-0.029,-0.001,-0.013,-0.008,0.029,-0.012,-0.026,-0.013,-0.031,-0.346,-0.406,-0.135,0.009,-0.538,0.012,0.074,0.010,0.050,-0.156,-0.086,-0.280,-0.031,0.088,0.098,0.036,-0.011,0.260,-0.012,-0.082,-0.039,-0.013,0.064,-0.020,0.089,-0.064,-0.119,-0.140,-0.049,0.007,-0.180,0.008,0.038,0.021,0.060,-0.069,-0.035,-0.102,-0.012,-0.118,-0.134,-0.049,0.003,-0.223,0.005,0.014,0.005,0.051,-0.069,-0.055,-0.105,-0.038,0.186,0.192,0.152,0.002,-0.181,0.002,0.220,0.022,0.051,-0.146,0.078,0.130,0.036,0.178,0.187,0.130,-0.004,0.115,-0.004,0.205,-0.041,-0.094,0.093,0.153,0.045
"7Q2",0.020,1.616,0.030,0.476,0.572,0.029,0.045,1.086,0.029,0.098,-0.013,0.012,-0.030,0.404,0.026,0.029,-0.130,0.012,-0.049,-0.605,-0.005,-0.138,0.212,0.017,-0.011,1.013,0.031,0.132,-0.297,0.004,-0.094,0.439,0.026,0.049,0.277,0.016,0.037,-0.650,0.041,0.008,-0.358,0.020,-0.034,0.038,0.009,0.038,0.010,0.038,0.010,0.038,0.024,0.038,0.012,0.038,0.024,0.038,0.038,0.038,0.019,0.038,0.008,0.038,0.031,0.038,0.012,0.028,0.011,0.064,0.027,0.030,0.015,-0.040,-0.900,-1.135,-0.282,-0.002,-1.669,0.000,0.234,-0.017,0.004,-0.362,-0.171,-0.872,-0.088,-0.124,-0.145,-0.058,0.006,-0.167,0.008,0.041,0.013,0.052,-0.072,-0.046,-0.103,-0.027,-0.239,-0.286,-0.104,0.005,-0.344,0.008,0.061,0.005,0.035,-0.116,-0.075,-0.202,-0.034,0.012,0.016,-0.005,-0.004,0.024,-0.004,-0.029,-0.022,0.010,0.006,-0.027,0.009,-0.040,-0.109,-0.125,-0.049,0.003,-0.128,0.005,0.024,0.010,0.047,-0.058,-0.044,-0.084,-0.031,0.051,0.062,0.009,-0.006,0.085,-0.006,-0.035,-0.022,0.011,0.022,-0.017,0.041,-0.038,0.149,0.160,0.070,-0.014,0.454,-0.017,-0.120,-0.070,-0.039,0.103,-0.013,0.140,-0.075,-0.012,-0.009,-0.023,-0.001,-0.018,-0.001,-0.010,-0.007,0.028,-0.013,-0.024,-0.012,-0.029,-0.337,-0.396,-0.132,0.008,-0.480,0.011,0.073,0.009,0.044,-0.154,-0.087,-0.266,-0.036,0.087,0.097,0.035,-0.010,0.257,-0.011,-0.076,-0.035,-0.009,0.063,-0.016,0.088,-0.057,-0.117,-0.138,-0.048,0.006,-0.157,0.008,0.040,0.020,0.056,-0.068,-0.034,-0.097,-0.013,-0.116,-0.131,-0.049,0.003,-0.197,0.004,0.016,0.005,0.048,-0.069,-0.054,-0.099,-0.038,0.159,0.163,0.134,0.002,-0.167,0.002,0.203,0.021,0.049,-0.141,0.066,0.109,0.031,0.159,0.166,0.119,-0.003,0.119,-0.004,0.187,-0.039,-0.087,0.083,0.138,0.039
"7Q3",0.020,1.602,0.030,0.444,0.552,0.029,0.040,1.052,0.028,0.088,-0.002,0.012,-0.029,0.395,0.026,0.026,-0.117,0.013,-0.047,-0.581,-0.003,-0.132,0.212,0.018,-0.011,0.986,0.031,0.121,-0.281,0.005,-0.090,0.427,0.026,0.045,0.283,0.016,0.033,-0.597,0.040,0.008,-0.337,0.018,-0.032,0.037,0.010,0.037,0.010,0.037,0.011,0.037,0.023,0.037,0.012,0.037,0.023,0.037,0.036,0.037,0.019,0.037,0.009,0.037,0.029,0.037,0.012,0.028,0.011,0.063,0.028,0.029,0.015,-0.038,-0.879,-1.106,-0.280,-0.004,-1.550,-0.003,0.226,-0.018,-0.006,-0.359,-0.181,-0.821,-0.106,-0.122,-0.143,-0.056,0.006,-0.144,0.008,0.041,0.012,0.047,-0.070,-0.045,-0.097,-0.028,-0.233,-0.280,-0.101,0.005,-0.303,0.007,0.061,0.003,0.030,-0.114,-0.075,-0.191,-0.038,0.012,0.016,-0.005,-0.004,0.031,-0.004,-0.025,-0.020,0.011,0.006,-0.024,0.010,-0.037,-0.107,-0.123,-0.048,0.003,-0.107,0.005,0.025,0.009,0.043,-0.057,-0.043,-0.079,-0.031,0.050,0.061,0.009,-0.005,0.086,-0.005,-0.032,-0.020,0.012,0.021,-0.014,0.041,-0.035,0.147,0.159,0.069,-0.013,0.445,-0.016,-0.111,-0.064,-0.034,0.101,-0.007,0.138,-0.066,-0.012,-0.009,-0.023,-0.001,-0.008,-0.001,-0.007,-0.006,0.026,-0.013,-0.022,-0.010,-0.027,-0.329,-0.386,-0.129,0.008,-0.426,0.010,0.071,0.007,0.037,-0.151,-0.088,-0.253,-0.041,0.086,0.096,0.034,-0.010,0.254,-0.011,-0.071,-0.032,-0.006,0.061,-0.011,0.088,-0.050,-0.115,-0.136,-0.046,0.006,-0.137,0.007,0.040,0.019,0.052,-0.067,-0.033,-0.093,-0.013,-0.114,-0.129,-0.048,0.003,-0.174,0.004,0.018,0.005,0.044,-0.068,-0.052,-0.095,-0.038,0.134,0.137,0.118,0.002,-0.155,0.002,0.187,0.020,0.046,-0.135,0.055,0.091,0.026,0.142,0.149,0.108,-0.003,0.121,-0.004,0.170,-0.036,-0.081,0.074,0.125,0.033
"7Q4",0.020,1.588,0.029,0.412,0.532,0.028,0.036,1.018,0.028,0.079,0.006,0.013,-0.028,0.386,0.026,0.023,-0.107,0.014,-0.045,-0.563,-0.001,-0.126,0.210,0.018,-0.011,0.959,0.030,0.110,-0.267,0.006,-0.085,0.415,0.026,0.042,0.287,0.017,0.030,-0.545,0.038,0.008,-0.316,0.017,-0.031,0.037,0.010,0.037,0.010,0.037,0.011,0.037,0.022,0.037,0.012,0.037,0.022,0.037,0.034,0.037,0.018,0.037,0.009,0.037,0.028,0.037,0.012,0.028,0.011,0.062,0.028,0.028,0.015,-0.037,-0.858,-1.079,-0.278,-0.006,-1.434,-0.005,0.219,-0.019,-0.014,-0.356,-0.191,-0.772,-0.122,-0.120,-0.141,-0.055,0.006,-0.123,0.008,0.041,0.011,0.043,-0.069,-0.045,-0.092,-0.029,-0.228,-0.274,-0.098,0.004,-0.265,0.007,0.059,0.002,0.026,-0.112,-0.076,-0.181,-0.042,0.012,0.016,-0.005,-0.003,0.037,-0.003,-0.022,-0.018,0.011,0.005,-0.022,0.011,-0.034,-0.105,-0.121,-0.046,0.003,-0.089,0.004,0.025,0.009,0.039,-0.056,-0.042,-0.075,-0.031,0.049,0.060,0.008,-0.005,0.087,-0.005,-0.029,-0.018,0.012,0.021,-0.012,0.041,-0.031,0.145,0.157,0.069,-0.012,0.437,-0.015,-0.102,-0.059,-0.031,0.100,-0.001,0.137,-0.058,-0.011,-0.009,-0.023,-0.001,0.001,-0.001,-0.005,-0.005,0.025,-0.013,-0.020,-0.008,-0.024,-0.322,-0.378,-0.126,0.007,-0.376,0.009,0.070,0.006,0.032,-0.149,-0.089,-0.241,-0.046,0.085,0.094,0.034,-0.009,0.250,-0.010,-0.065,-0.029,-0.004,0.060,-0.007,0.087,-0.044,-0.113,-0.134,-0.045,0.006,-0.119,0.007,0.040,0.018,0.048,-0.066,-0.033,-0.089,-0.014,-0.112,-0.127,-0.048,0.002,-0.152,0.004,0.019,0.004,0.040,-0.067,-0.051,-0.090,-0.038,0.112,0.114,0.102,0.002,-0.145,0.002,0.173,0.019,0.043,-0.130,0.046,0.075,0.021,0.127,0.133,0.098,-0.003,0.120,-0.004,0.155,-0.034,-0.075,0.066,0.113,0.028
"8Q1",0.020,1.572,0.028,0.382,0.514,0.028,0.032,0.986,0.027,0.071,0.013,0.014,-0.027,0.376,0.026,0.020,-0.099,0.014,-0.043,-0.549,0.001,-0.120,0.208,0.018,-0.011,0.934,0.029,0.100,-0.257,0.007,-0.081,0.404,0.026,0.039,0.290,0.017,0.027,-0.494,0.037,0.009,-0.293,0.015,-0.030,0.036,0.011,0.036,0.011,0.036,0.012,0.036,0.022,0.036,0.012,0.036,0.021,0.036,0.032,0.036,0.018,0.036,0.010,0.036,0.027,0.036,0.012,0.028,0.011,0.061,0.028,0.027,0.015,-0.036,-0.839,-1.052,-0.276,-0.009,-1.321,-0.008,0.211,-0.020,-0.022,-0.352,-0.199,-0.725,-0.137,-0.118,-0.139,-0.053,0.006,-0.105,0.007,0.040,0.010,0.039,-0.068,-0.045,-0.088,-0.030,-0.224,-0.269,-0.096,0.004,-0.231,0.006,0.058,0.001,0.021,-0.111,-0.076,-0.172,-0.046,0.012,0.016,-0.005,-0.003,0.043,-0.003,-0.020,-0.017,0.011,0.005,-0.019,0.012,-0.031,-0.104,-0.119,-0.045,0.003,-0.073,0.004,0.025,0.008,0.035,-0.055,-0.041,-0.071,-0.031,0.049,0.059,0.008,-0.005,0.088,-0.005,-0.026,-0.017,0.011,0.020,-0.009,0.041,-0.028,0.144,0.155,0.069,-0.011,0.428,-0.014,-0.094,-0.055,-0.028,0.100,0.004,0.136,-0.050,-0.011,-0.008,-0.022,-0.001,0.009,-0.001,-0.003,-0.004,0.023,-0.013,-0.018,-0.007,-0.023,-0.315,-0.369,-0.123,0.006,-0.330,0.008,0.067,0.005,0.027,-0.147,-0.090,-0.230,-0.050,0.084,0.093,0.034,-0.008,0.246,-0.010,-0.061,-0.026,-0.002,0.060,-0.003,0.086,-0.038,-0.111,-0.132,-0.044,0.006,-0.103,0.007,0.040,0.017,0.044,-0.065,-0.032,-0.085,-0.014,-0.111,-0.124,-0.048,0.002,-0.133,0.003,0.020,0.004,0.037,-0.067,-0.050,-0.086,-0.038,0.093,0.094,0.088,0.002,-0.137,0.002,0.159,0.018,0.041,-0.125,0.037,0.061,0.017,0.114,0.118,0.088,-0.003,0.119,-0.003,0.140,-0.032,-0.069,0.058,0.102,0.024
"8Q2",0.020,1.556,0.027,0.353,0.497,0.027,0.028,0.956,0.026,0.063,0.018,0.014,-0.027,0.368,0.025,0.017,-0.092,0.015,-0.041,-0.539,0.002,-0.115,0.204,0.019,-0.011,0.910,0.028,0.091,-0.248,0.008,-0.078,0.393,0.025,0.036,0.292,0.017,0.024,-0.445,0.035,0.009,-0.271,0.014,-0.029,0.036,0.012,0.036,0.011,0.036,0.012,0.036,0.021,0.036,0.013,0.036,0.021,0.036,0.031,0.036,0.018,0.036,0.011,0.036,0.026,0.036,0.012,0.028,0.012,0.060,0.028,0.026,0.015,-0.036,-0.820,-1.027,-0.274,-0.011,-1.213,-0.010,0.204,-0.021,-0.029,-0.349,-0.206,-0.679,-0.150,-0.116,-0.137,-0.051,0.005,-0.089,0.007,0.039,0.009,0.036,-0.067,-0.044,-0.083,-0.031,-0.219,-0.264,-0.093,0.004,-0.199,0.006,0.056,0.000,0.018,-0.109,-0.076,-0.164,-0.048,0.012,0.016,-0.005,-0.003,0.048,-0.003,-0.017,-0.015,0.010,0.004,-0.017,0.013,-0.028,-0.102,-0.117,-0.044,0.003,-0.058,0.004,0.025,0.008,0.032,-0.054,-0.040,-0.068,-0.031,0.048,0.058,0.008,-0.004,0.089,-0.004,-0.023,-0.015,0.011,0.020,-0.007,0.041,-0.025,0.142,0.153,0.069,-0.011,0.419,-0.013,-0.087,-0.051,-0.026,0.100,0.009,0.135,-0.043,-0.010,-0.008,-0.021,-0.001,0.016,-0.001,-0.001,-0.004,0.022,-0.013,-0.017,-0.005,-0.021,-0.308,-0.361,-0.120,0.005,-0.288,0.007,0.065,0.003,0.022,-0.145,-0.090,-0.220,-0.053,0.084,0.092,0.035,-0.008,0.241,-0.009,-0.056,-0.024,-0.001,0.059,0.001,0.086,-0.033,-0.110,-0.130,-0.043,0.005,-0.089,0.006,0.040,0.017,0.041,-0.064,-0.032,-0.082,-0.015,-0.109,-0.122,-0.048,0.002,-0.115,0.003,0.020,0.004,0.034,-0.066,-0.049,-0.082,-0.038,0.076,0.076,0.075,0.002,-0.130,0.002,0.147,0.017,0.039,-0.121,0.029,0.048,0.013,0.102,0.106,0.080,-0.003,0.116,-0.003,0.127,-0.030,-0.064,0.052,0.092,0.020
"8Q3",0.020,1.540,0.026,0.325,0.482,0.026,0.025,0.928,0.025,0.056,0.022,0.014,-0.026,0.359,0.025,0.015,-0.087,0.015,-0.039,-0.531,0.003,-0.110,0.200,0.019,-0.011,0.887,0.027,0.082,-0.242,0.009,-0.074,0.383,0.025,0.033,0.294,0.017,0.021,-0.398,0.034,0.009,-0.249,0.013,-0.027,0.036,0.012,0.036,0.012,0.036,0.013,0.036,0.021,0.036,0.013,0.036,0.020,0.036,0.029,0.036,0.017,0.036,0.011,0.036,0.025,0.036,0.013,0.028,0.012,0.059,0.028,0.025,0.015,-0.035,-0.801,-1.002,-0.272,-0.013,-1.108,-0.013,0.196,-0.021,-0.034,-0.345,-0.213,-0.635,-0.163,-0.114,-0.134,-0.050,0.005,-0.075,0.007,0.038,0.008,0.032,-0.066,-0.044,-0.080,-0.032,-0.215,-0.259,-0.091,0.003,-0.171,0.005,0.055,-0.001,0.015,-0.107,-0.076,-0.156,-0.051,0.012,0.016,-0.004,-0.003,0.052,-0.003,-0.015,-0.014,0.010,0.004,-0.015,0.014,-0.026,-0.100,-0.115,-0.043,0.003,-0.046,0.004,0.025,0.007,0.029,-0.053,-0.039,-0.065,-0.031,0.047,0.057,0.008,-0.004,0.089,-0.004,-0.021,-0.014,0.010,0.020,-0.005,0.041,-0.022,0.140,0.151,0.069,-0.010,0.410,-0.013,-0.081,-0.047,-0.025,0.100,0.013,0.134,-0.037,-0.010,-0.008,-0.021,-0.001,0.022,-0.000,0.000,-0.003,0.020,-0.012,-0.015,-0.004,-0.019,-0.301,-0.353,-0.118,0.005,-0.249,0.006,0.062,0.002,0.018,-0.143,-0.091,-0.210,-0.057,0.083,0.091,0.035,-0.007,0.237,-0.008,-0.052,-0.022,-0.001,0.059,0.004,0.085,-0.028,-0.108,-0.128,-0.042,0.005,-0.077,0.006,0.039,0.016,0.038,-0.063,-0.032,-0.079,-0.016,-0.107,-0.120,-0.047,0.002,-0.099,0.003,0.021,0.003,0.031,-0.065,-0.048,-0.079,-0.038,0.060,0.059,0.062,0.002,-0.123,0.002,0.136,0.016,0.036,-0.117,0.021,0.036,0.009,0.091,0.094,0.072,-0.003,0.112,-0.003,0.115,-0.028,-0.059,0.046,0.082,0.016
"8Q4",0.020,1.524,0.025,0.298,0.468,0.025,0.022,0.903,0.024,0.050,0.024,0.015,-0.025,0.351,0.024,0.013,-0.082,0.015,-0.038,-0.526,0.005,-0.105,0.195,0.019,-0.011,0.866,0.026,0.074,-0.237,0.010,-0.071,0.373,0.024,0.031,0.294,0.016,0.019,-0.353,0.033,0.009,-0.228,0.012,-0.026,0.035,0.013,0.035,0.012,0.035,0.013,0.035,0.020,0.035,0.013,0.035,0.020,0.035,0.028,0.035,0.017,0.035,0.012,0.035,0.024,0.035,0.013,0.028,0.012,0.057,0.027,0.023,0.015,-0.034,-0.783,-0.978,-0.269,-0.014,-1.008,-0.015,0.189,-0.022,-0.039,-0.342,-0.218,-0.593,-0.173,-0.112,-0.132,-0.049,0.005,-0.062,0.006,0.037,0.008,0.029,-0.065,-0.044,-0.076,-0.033,-0.211,-0.254,-0.089,0.003,-0.145,0.005,0.053,-0.001,0.012,-0.106,-0.076,-0.149,-0.053,0.013,0.016,-0.004,-0.003,0.057,-0.003,-0.013,-0.013,0.009,0.005,-0.013,0.015,-0.023,-0.099,-0.113,-0.042,0.003,-0.035,0.004,0.024,0.007,0.027,-0.052,-0.039,-0.062,-0.031,0.046,0.056,0.008,-0.004,0.089,-0.004,-0.019,-0.013,0.010,0.020,-0.003,0.041,-0.019,0.139,0.149,0.070,-0.009,0.400,-0.012,-0.075,-0.044,-0.023,0.100,0.016,0.132,-0.031,-0.010,-0.008,-0.020,-0.000,0.027,-0.000,0.002,-0.003,0.018,-0.012,-0.014,-0.003,-0.018,-0.295,-0.346,-0.116,0.004,-0.213,0.006,0.060,0.001,0.015,-0.140,-0.091,-0.201,-0.059,0.082,0.090,0.035,-0.007,0.232,-0.008,-0.049,-0.020,-0.001,0.059,0.007,0.084,-0.023,-0.106,-0.126,-0.041,0.005,-0.066,0.006,0.038,0.015,0.035,-0.062,-0.031,-0.076,-0.016,-0.105,-0.118,-0.047,0.002,-0.085,0.003,0.021,0.003,0.028,-0.064,-0.047,-0.075,-0.038,0.046,0.045,0.051,0.002,-0.118,0.002,0.126,0.016,0.034,-0.113,0.015,0.026,0.006,0.081,0.084,0.064,-0.002,0.108,-0.003,0.105,-0.026,-0.055,0.040,0.074,0.013
"9Q1",0.020,1.508,0.024,0.273,0.455,0.025,0.019,0.879,0.024,0.044,0.026,0.015,-0.024,0.344,0.023,0.011,-0.079,0.015,-0.036,-0.522,0.006,-0.101,0.190,0.019,-0.011,0.846,0.025,0.067,-0.233,0.011,-0.067,0.365,0.024,0.029,0.295,0.016,0.017,-0.310,0.032,0.009,-0.207,0.010,-0.025,0.035,0.013,0.035,0.013,0.035,0.014,0.035,0.020,0.035,0.014,0.035,0.019,0.035,0.027,0.035,0.017,0.035,0.013,0.035,0.023,0.035,0.013,0.028,0.012,0.056,0.027,0.022,0.014,-0.033,-0.765,-0.955,-0.267,-0.016,-0.913,-0.017,0.183,-0.022,-0.043,-0.338,-0.222,-0.553,-0.183,-0.110,-0.130,-0.048,0.005,-0.051,0.006,0.036,0.007,0.027,-0.064,-0.044,-0.073,-0.033,-0.207,-0.249,-0.087,0.003,-0.121,0.004,0.051,-0.002,0.010,-0.104,-0.076,-0.142,-0.055,0.013,0.016,-0.004,-0.002,0.060,-0.003,-0.011,-0.012,0.008,0.005,-0.011,0.016,-0.021,-0.097,-0.111,-0.041,0.003,-0.025,0.004,0.024,0.006,0.025,-0.051,-0.038,-0.059,-0.031,0.046,0.056,0.008,-0.003,0.089,-0.003,-0.017,-0.011,0.009,0.020,-0.002,0.041,-0.017,0.137,0.147,0.070,-0.008,0.391,-0.011,-0.070,-0.041,-0.023,0.101,0.020,0.131,-0.026,-0.009,-0.007,-0.019,-0.000,0.032,-0.000,0.002,-0.003,0.017,-0.011,-0.013,-0.002,-0.017,-0.289,-0.339,-0.113,0.004,-0.181,0.005,0.058,0.001,0.013,-0.138,-0.090,-0.193,-0.061,0.081,0.089,0.036,-0.006,0.228,-0.007,-0.046,-0.018,-0.000,0.059,0.010,0.083,-0.019,-0.104,-0.124,-0.040,0.005,-0.057,0.006,0.037,0.014,0.033,-0.061,-0.031,-0.073,-0.017,-0.103,-0.116,-0.046,0.002,-0.072,0.003,0.021,0.003,0.026,-0.063,-0.046,-0.072,-0.038,0.034,0.032,0.041,0.002,-0.113,0.002,0.116,0.015,0.032,-0.109,0.009,0.016,0.003,0.072,0.075,0.058,-0.002,0.104,-0.003,0.095,-0.025,-0.051,0.035,0.067,0.010
"9Q2",0.019,1.493,0.023,0.250,0.444,0.024,0.017,0.858,0.023,0.039,0.027,0.015,-0.024,0.338,0.023,0.010,-0.076,0.015,-0.035,-0.520,0.007,-0.096,0.186,0.018,-0.011,0.827,0.024,0.061,-0.230,0.011,-0.064,0.357,0.023,0.027,0.295,0.016,0.015,-0.269,0.031,0.009,-0.188,0.009,-0.024,0.035,0.014,0.035,0.013,0.035,0.014,0.035,0.019,0.035,0.014,0.035,0.019,0.035,0.026,0.035,0.017,0.035,0.013,0.035,0.022,0.035,0.013,0.028,0.012,0.055,0.027,0.021,0.014,-0.033,-0.748,-0.932,-0.265,-0.017,-0.822,-0.018,0.177,-0.022,-0.047,-0.334,-0.225,-0.514,-0.191,-0.109,-0.128,-0.047,0.005,-0.042,0.006,0.035,0.007,0.025,-0.063,-0.043,-0.071,-0.034,-0.203,-0.244,-0.085,0.002,-0.100,0.004,0.049,-0.002,0.008,-0.103,-0.075,-0.136,-0.056,0.013,0.016,-0.003,-0.002,0.063,-0.002,-0.010,-0.011,0.007,0.005,-0.009,0.017,-0.019,-0.095,-0.110,-0.041,0.003,-0.017,0.003,0.023,0.006,0.023,-0.050,-0.037,-0.057,-0.031,0.045,0.055,0.008,-0.003,0.089,-0.003,-0.016,-0.010,0.008,0.020,-0.000,0.041,-0.015,0.135,0.145,0.071,-0.008,0.381,-0.010,-0.066,-0.038,-0.022,0.101,0.022,0.129,-0.021,-0.009,-0.007,-0.019,-0.000,0.036,-0.000,0.003,-0.002,0.015,-0.011,-0.012,-0.001,-0.016,-0.282,-0.331,-0.111,0.003,-0.151,0.004,0.055,-0.000,0.010,-0.136,-0.090,-0.185,-0.063,0.080,0.088,0.036,-0.006,0.223,-0.007,-0.043,-0.016,-0.000,0.059,0.012,0.083,-0.016,-0.103,-0.122,-0.039,0.005,-0.049,0.006,0.036,0.014,0.030,-0.060,-0.031,-0.071,-0.017,-0.102,-0.114,-0.046,0.002,-0.060,0.003,0.021,0.003,0.024,-0.062,-0.046,-0.069,-0.037,0.023,0.021,0.032,0.001,-0.109,0.002,0.108,0.014,0.030,-0.106,0.004,0.008,-0.000,0.064,0.066,0.051,-0.002,0.100,-0.003,0.086,-0.023,-0.047,0.031,0.060,0.008
"9Q3",0.019,1.477,0.022,0.228,0.434,0.023,0.015,0.838,0.022,0.035,0.028,0.015,-0.023,0.332,0.022,0.008,-0.073,0.016,-0.033,-0.519,0.008,-0.092,0.181,0.018,-0.011,0.810,0.023,0.055,-0.227,0.012,-0.062,0.351,0.022,0.025,0.294,0.016,0.013,-0.231,0.030,0.009,-0.169,0.009,-0.023,0.034,0.014,0.034,0.013,0.034,0.014,0.034,0.019,0.034,0.014,0.034,0.019,0.034,0.025,0.034,0.017,0.034,0.013,0.034,0.022,0.034,0.014,0.027,0.013,0.054,0.026,0.020,0.013,-0.032,-0.731,-0.909,-0.262,-0.019,-0.736,-0.020,0.171,-0.023,-0.049,-0.330,-0.227,-0.477,-0.197,-0.107,-0.126,-0.046,0.004,-0.034,0.006,0.034,0.006,0.023,-0.062,-0.043,-0.068,-0.034,-0.199,-0.239,-0.083,0.002,-0.082,0.003,0.048,-0.003,0.006,-0.101,-0.075,-0.130,-0.057,0.013,0.016,-0.003,-0.002,0.066,-0.002,-0.009,-0.010,0.006,0.005,-0.008,0.018,-0.017,-0.093,-0.108,-0.040,0.003,-0.009,0.003,0.022,0.005,0.021,-0.049,-0.037,-0.055,-0.031,0.045,0.054,0.008,-0.003,0.088,-0.003,-0.014,-0.009,0.007,0.020,0.001,0.040,-0.013,0.134,0.143,0.071,-0.007,0.372,-0.010,-0.063,-0.035,-0.021,0.102,0.025,0.128,-0.017,-0.008,-0.007,-0.018,-0.000,0.040,-0.000,0.004,-0.002,0.014,-0.010,-0.011,-0.000,-0.015,-0.276,-0.324,-0.109,0.003,-0.125,0.004,0.053,-0.001,0.008,-0.134,-0.089,-0.177,-0.064,0.079,0.087,0.037,-0.005,0.219,-0.006,-0.041,-0.015,-0.000,0.059,0.015,0.082,-0.012,-0.101,-0.120,-0.039,0.005,-0.042,0.005,0.035,0.013,0.029,-0.059,-0.031,-0.069,-0.018,-0.100,-0.112,-0.046,0.002,-0.050,0.003,0.021,0.003,0.022,-0.061,-0.045,-0.066,-0.037,0.013,0.011,0.023,0.001,-0.105,0.002,0.100,0.013,0.029,-0.102,-0.001,0.001,-0.003,0.057,0.059,0.046,-0.002,0.095,-0.002,0.078,-0.021,-0.044,0.027,0.054,0.006
"9Q4",0.019,1.461,0.021,0.207,0.425,0.022,0.013,0.821,0.021,0.031,0.028,0.015,-0.023,0.326,0.021,0.007,-0.072,0.016,-0.032,-0.519,0.008,-0.089,0.176,0.018,-0.011,0.794,0.022,0.050,-0.226,0.012,-0.059,0.344,0.022,0.024,0.293,0.016,0.011,-0.195,0.029,0.009,-0.152,0.008,-0.021,0.034,0.015,0.034,0.014,0.034,0.015,0.034,0.019,0.034,0.014,0.034,0.018,0.034,0.024,0.034,0.016,0.034,0.014,0.034,0.021,0.034,0.014,0.027,0.013,0.052,0.026,0.018,0.012,-0.031,-0.714,-0.887,-0.259,-0.020,-0.655,-0.021,0.166,-0.023,-0.051,-0.325,-0.228,-0.442,-0.202,-0.105,-0.124,-0.045,0.004,-0.027,0.005,0.032,0.006,0.021,-0.061,-0.042,-0.066,-0.034,-0.195,-0.235,-0.081,0.002,-0.065,0.003,0.046,-0.003,0.005,-0.099,-0.074,-0.125,-0.057,0.013,0.016,-0.002,-0.002,0.069,-0.002,-0.007,-0.009,0.006,0.006,-0.007,0.018,-0.016,-0.092,-0.105,-0.039,0.003,-0.003,0.003,0.021,0.005,0.019,-0.048,-0.036,-0.053,-0.030,0.044,0.053,0.008,-0.002,0.088,-0.003,-0.013,-0.009,0.007,0.020,0.002,0.040,-0.011,0.132,0.141,0.072,-0.007,0.362,-0.009,-0.059,-0.033,-0.021,0.102,0.027,0.126,-0.013,-0.008,-0.006,-0.017,-0.000,0.043,0.000,0.004,-0.002,0.013,-0.010,-0.010,0.001,-0.014,-0.270,-0.317,-0.107,0.002,-0.101,0.003,0.051,-0.001,0.007,-0.132,-0.088,-0.170,-0.065,0.078,0.086,0.037,-0.005,0.214,-0.005,-0.039,-0.013,-0.000,0.059,0.016,0.081,-0.009,-0.099,-0.117,-0.038,0.004,-0.036,0.005,0.034,0.013,0.027,-0.058,-0.030,-0.067,-0.018,-0.098,-0.109,-0.045,0.002,-0.041,0.003,0.020,0.003,0.021,-0.060,-0.044,-0.064,-0.037,0.005,0.003,0.016,0.001,-0.101,0.002,0.093,0.013,0.027,-0.099,-0.005,-0.005,-0.005,0.051,0.053,0.041,-0.002,0.091,-0.002,0.070,-0.020,-0.040,0.023,0.048,0.004
"10Q1",0.018,1.444,0.021,0.188,0.417,0.021,0.012,0.805,0.020,0.027,0.028,0.015,-0.022,0.321,0.021,0.006,-0.070,0.016,-0.031,-0.519,0.009,-0.085,0.172,0.018,-0.011,0.778,0.021,0.045,-0.225,0.012,-0.057,0.339,0.021,0.022,0.292,0.015,0.010,-0.162,0.028,0.009,-0.135,0.007,-0.020,0.033,0.015,0.033,0.014,0.033,0.015,0.033,0.018,0.033,0.014,0.033,0.018,0.033,0.024,0.033,0.016,0.033,0.014,0.033,0.021,0.033,0.014,0.027,0.013,0.051,0.025,0.017,0.012,-0.030,-0.698,-0.866,-0.256,-0.021,-0.578,-0.022,0.161,-0.023,-0.053,-0.321,-0.228,-0.409,-0.206,-0.103,-0.121,-0.044,0.004,-0.021,0.005,0.031,0.005,0.020,-0.060,-0.041,-0.063,-0.034,-0.191,-0.230,-0.080,0.001,-0.050,0.003,0.045,-0.003,0.004,-0.098,-0.072,-0.120,-0.057,0.013,0.016,-0.002,-0.002,0.071,-0.002,-0.007,-0.008,0.005,0.006,-0.005,0.019,-0.014,-0.090,-0.103,-0.039,0.002,0.002,0.003,0.021,0.005,0.018,-0.047,-0.035,-0.051,-0.030,0.043,0.053,0.008,-0.002,0.087,-0.002,-0.012,-0.008,0.006,0.020,0.003,0.040,-0.010,0.130,0.139,0.072,-0.006,0.353,-0.008,-0.057,-0.031,-0.020,0.102,0.029,0.124,-0.010,-0.008,-0.006,-0.017,0.000,0.046,0.000,0.004,-0.001,0.012,-0.009,-0.009,0.001,-0.013,-0.265,-0.310,-0.105,0.002,-0.079,0.003,0.050,-0.001,0.006,-0.129,-0.087,-0.164,-0.065,0.078,0.085,0.038,-0.004,0.210,-0.005,-0.037,-0.012,-0.000,0.060,0.018,0.080,-0.007,-0.097,-0.115,-0.038,0.004,-0.030,0.005,0.033,0.012,0.026,-0.057,-0.030,-0.065,-0.018,-0.096,-0.107,-0.045,0.002,-0.033,0.003,0.020,0.003,0.019,-0.059,-0.043,-0.061,-0.036,-0.003,-0.005,0.009,0.001,-0.098,0.002,0.087,0.012,0.025,-0.096,-0.009,-0.011,-0.007,0.045,0.047,0.036,-0.002,0.086,-0.002,0.064,-0.019,-0.037,0.020,0.044,0.002
"10Q2",0.018,1.428,0.020,0.170,0.410,0.021,0.010,0.790,0.020,0.024,0.027,0.015,-0.021,0.316,0.020,0.005,-0.069,0.016,-0.030,-0.520,0.009,-0.082,0.168,0.018,-0.011,0.764,0.021,0.041,-0.224,0.013,-0.054,0.334,0.021,0.021,0.290,0.015,0.009,-0.130,0.027,0.009,-0.120,0.006,-0.019,0.033,0.015,0.033,0.014,0.033,0.015,0.033,0.018,0.033,0.014,0.033,0.018,0.033,0.023,0.033,0.016,0.033,0.014,0.033,0.020,0.033,0.014,0.027,0.013,0.050,0.024,0.016,0.011,-0.029,-0.682,-0.845,-0.253,-0.022,-0.507,-0.023,0.156,-0.022,-0.054,-0.316,-0.227,-0.378,-0.209,-0.101,-0.119,-0.044,0.004,-0.016,0.005,0.031,0.005,0.019,-0.059,-0.041,-0.061,-0.034,-0.187,-0.225,-0.078,0.001,-0.037,0.003,0.044,-0.003,0.003,-0.096,-0.071,-0.115,-0.057,0.013,0.016,-0.001,-0.002,0.072,-0.002,-0.006,-0.007,0.005,0.007,-0.004,0.019,-0.013,-0.088,-0.101,-0.038,0.002,0.006,0.003,0.020,0.005,0.017,-0.046,-0.034,-0.049,-0.029,0.043,0.052,0.009,-0.002,0.087,-0.002,-0.011,-0.007,0.005,0.020,0.004,0.040,-0.009,0.129,0.137,0.073,-0.006,0.344,-0.008,-0.054,-0.029,-0.019,0.103,0.031,0.123,-0.007,-0.007,-0.005,-0.016,0.000,0.048,0.000,0.005,-0.001,0.011,-0.009,-0.008,0.002,-0.012,-0.259,-0.303,-0.104,0.002,-0.060,0.002,0.048,-0.001,0.005,-0.127,-0.086,-0.157,-0.065,0.077,0.084,0.038,-0.004,0.206,-0.005,-0.035,-0.011,-0.000,0.060,0.020,0.079,-0.004,-0.095,-0.113,-0.037,0.004,-0.026,0.005,0.032,0.012,0.024,-0.056,-0.029,-0.063,-0.018,-0.094,-0.105,-0.044,0.002,-0.026,0.003,0.020,0.003,0.018,-0.058,-0.042,-0.059,-0.036,-0.009,-0.011,0.002,0.001,-0.095,0.001,0.081,0.011,0.024,-0.094,-0.012,-0.016,-0.009,0.041,0.042,0.032,-0.002,0.082,-0.002,0.058,-0.018,-0.035,0.018,0.039,0.001
"10Q3",0.018,1.411,0.019,0.154,0.404,0.020,0.009,0.776,0.019,0.022,0.026,0.015,-0.021,0.312,0.020,0.004,-0.069,0.016,-0.029,-0.521,0.010,-0.079,0.164,0.017,-0.011,0.750,0.020,0.037,-0.223,0.013,-0.052,0.329,0.020,0.020,0.288,0.015,0.008,-0.101,0.027,0.009,-0.107,0.006,-0.018,0.032,0.015,0.032,0.014,0.032,0.015,0.032,0.017,0.032,0.014,0.032,0.017,0.032,0.022,0.032,0.016,0.032,0.014,0.032,0.020,0.032,0.014,0.027,0.013,0.049,0.024,0.015,0.010,-0.028,-0.666,-0.824,-0.250,-0.022,-0.441,-0.024,0.152,-0.022,-0.055,-0.311,-0.226,-0.349,-0.211,-0.099,-0.117,-0.043,0.004,-0.011,0.005,0.030,0.005,0.018,-0.058,-0.040,-0.059,-0.033,-0.183,-0.220,-0.077,0.001,-0.026,0.002,0.043,-0.003,0.003,-0.094,-0.070,-0.111,-0.057,0.013,0.016,-0.001,-0.001,0.074,-0.002,-0.005,-0.007,0.004,0.007,-0.003,0.020,-0.012,-0.086,-0.099,-0.037,0.002,0.010,0.003,0.020,0.005,0.016,-0.046,-0.033,-0.048,-0.029,0.042,0.051,0.009,-0.002,0.086,-0.002,-0.011,-0.006,0.005,0.020,0.005,0.039,-0.007,0.127,0.135,0.073,-0.006,0.336,-0.007,-0.052,-0.027,-0.019,0.103,0.032,0.121,-0.004,-0.007,-0.005,-0.016,0.000,0.050,0.000,0.005,-0.001,0.010,-0.008,-0.008,0.003,-0.012,-0.253,-0.296,-0.102,0.001,-0.044,0.002,0.047,-0.002,0.004,-0.125,-0.084,-0.152,-0.065,0.076,0.082,0.038,-0.003,0.201,-0.004,-0.034,-0.010,-0.000,0.060,0.021,0.078,-0.002,-0.094,-0.111,-0.036,0.004,-0.022,0.005,0.031,0.011,0.023,-0.055,-0.029,-0.061,-0.018,-0.092,-0.103,-0.043,0.002,-0.019,0.003,0.020,0.003,0.017,-0.057,-0.041,-0.057,-0.035,-0.015,-0.017,-0.003,0.001,-0.092,0.001,0.076,0.011,0.022,-0.091,-0.015,-0.020,-0.011,0.036,0.038,0.028,-0.001,0.078,-0.002,0.052,-0.016,-0.032,0.015,0.035,-0.001
"10Q4",0.017,1.394,0.018,0.139,0.398,0.020,0.008,0.763,0.018,0.019,0.025,0.015,-0.020,0.308,0.019,0.004,-0.068,0.015,-0.028,-0.521,0.010,-0.076,0.160,0.017,-0.011,0.737,0.019,0.034,-0.223,0.013,-0.050,0.325,0.020,0.019,0.286,0.014,0.007,-0.075,0.026,0.009,-0.094,0.005,-0.018,0.032,0.015,0.032,0.014,0.032,0.015,0.032,0.017,0.032,0.014,0.032,0.017,0.032,0.022,0.032,0.016,0.032,0.014,0.032,0.019,0.032,0.014,0.026,0.013,0.048,0.023,0.014,0.010,-0.028,-0.650,-0.804,-0.246,-0.023,-0.379,-0.025,0.148,-0.022,-0.055,-0.306,-0.224,-0.322,-0.212,-0.097,-0.114,-0.042,0.004,-0.007,0.005,0.029,0.005,0.017,-0.057,-0.039,-0.058,-0.033,-0.179,-0.216,-0.076,0.001,-0.016,0.002,0.041,-0.003,0.002,-0.093,-0.068,-0.107,-0.056,0.013,0.016,-0.000,-0.001,0.075,-0.002,-0.005,-0.006,0.004,0.008,-0.002,0.020,-0.011,-0.084,-0.097,-0.037,0.002,0.013,0.003,0.019,0.005,0.016,-0.045,-0.033,-0.046,-0.028,0.042,0.050,0.009,-0.001,0.086,-0.002,-0.010,-0.006,0.005,0.021,0.006,0.039,-0.006,0.125,0.133,0.074,-0.005,0.327,-0.007,-0.051,-0.025,-0.018,0.103,0.033,0.119,-0.002,-0.007,-0.005,-0.015,0.000,0.052,0.000,0.005,-0.000,0.010,-0.007,-0.007,0.003,-0.011,-0.247,-0.289,-0.100,0.001,-0.029,0.002,0.046,-0.002,0.004,-0.122,-0.082,-0.146,-0.064,0.075,0.081,0.038,-0.003,0.198,-0.004,-0.033,-0.009,0.000,0.060,0.022,0.078,-0.000,-0.092,-0.109,-0.036,0.004,-0.019,0.005,0.031,0.011,0.022,-0.054,-0.028,-0.059,-0.018,-0.090,-0.100,-0.043,0.002,-0.014,0.002,0.019,0.003,0.016,-0.055,-0.040,-0.055,-0.034,-0.020,-0.022,-0.008,0.001,-0.090,0.001,0.071,0.010,0.021,-0.089,-0.017,-0.024,-0.012,0.032,0.033,0.025,-0.001,0.074,-0.002,0.047,-0.015,-0.030,0.013,0.032,-0.002